pathway;pval;padj;ES;NES;nMoreExtreme;size;leadingEdge
Respiratory electron transport, ATP synthesis by chemiosmotic coupling, and heat production by uncoupling proteins.;0.00185873605947955;0.0158875864990821;0.710267854450249;3.09518345536737;0;107;NDUFA13|ATP5I|UQCRH|NDUFB8|NDUFB10|NDUFB11|NDUFA1|ATP5G1|NDUFA3|ATP5J2|NDUFAF3|NDUFC2|NDUFB7|COX6B1|NDUFB9|NDUFA11|NDUFA7|NDUFS7|ATP5B|ETFB|NDUFA2|COX5B|UQCRC1|NDUFS3|NDUFA6|ECSIT|ATP5G3|NDUFA8|ATP5F1|NDUFS5|TACO1|ETFA|COX8A|SURF1|COX5A|CYC1|COX6A1|NDUFV3|NDUFS2|ATP5J|ATP5D|NDUFC1|SDHA|UQCRQ|NDUFV2|ATP5A1|NDUFS4|ATP5O|UQCRC2|NDUFS8|NDUFAF1|NDUFB6|NDUFB4|ATP5H|COX11|UQCR10|COX16|NDUFS6|NDUFA12|ATP5G2|ATP5E
Respiratory electron transport;0.00189753320683112;0.0158875864990821;0.721781063268698;3.07191457668842;0;87;NDUFA13|UQCRH|NDUFB8|NDUFB10|NDUFB11|NDUFA1|NDUFA3|NDUFAF3|NDUFC2|NDUFB7|COX6B1|NDUFB9|NDUFA11|NDUFA7|NDUFS7|ETFB|NDUFA2|COX5B|UQCRC1|NDUFS3|NDUFA6|ECSIT|NDUFA8|NDUFS5|TACO1|ETFA|COX8A|SURF1|COX5A|CYC1|COX6A1|NDUFV3|NDUFS2|NDUFC1|SDHA|UQCRQ|NDUFV2|NDUFS4|UQCRC2|NDUFS8|NDUFAF1|NDUFB6|NDUFB4|COX11|UQCR10|COX16|NDUFS6|NDUFA12
The citric acid (TCA) cycle and respiratory electron transport;0.00189035916824197;0.0158875864990821;0.632292035245112;2.89882080607504;0;150;NDUFA13|ATP5I|UQCRH|NDUFB8|NDUFB10|NDUFB11|NDUFA1|BSG|ATP5G1|NDUFA3|ATP5J2|NDUFAF3|PDHB|MDH2|NDUFC2|NDUFB7|COX6B1|NDUFB9|NDUFA11|NDUFA7|NDUFS7|ATP5B|ETFB|NDUFA2|ACO2|COX5B|UQCRC1|NDUFS3|NDUFA6|SUCLG1|SUCLA2|ECSIT|ATP5G3|NDUFA8|PDK2|ATP5F1|NDUFS5|TACO1|ETFA|COX8A|SURF1|COX5A|CYC1|COX6A1|NDUFV3|NDUFS2|ATP5J|ATP5D|NDUFC1|SDHA|UQCRQ|NDUFV2|ATP5A1|RXRA|NDUFS4|ATP5O|LDHA|UQCRC2|NDUFS8|NDUFAF1|NDUFB6|IDH2|NDUFB4|DLST|ATP5H|COX11|UQCR10|COX16|NDUFS6|NDUFA12|IDH3B|ATP5G2|ATP5E|ATP5C1|UCP2|PDHA1|NDUFB3|IDH3G|LDHB|PPARD|ATP5L|CS|NDUFA4|NDUFB1
Complex I biogenesis;0.00192678227360308;0.0158875864990821;0.754443938380848;2.83927327198371;0;49;NDUFA13|NDUFB8|NDUFB10|NDUFB11|NDUFA1|NDUFA3|NDUFAF3|NDUFC2|NDUFB7|NDUFB9|NDUFA11|NDUFA7|NDUFS7|NDUFA2|NDUFS3|NDUFA6|ECSIT|NDUFA8|NDUFS5|NDUFV3|NDUFS2|NDUFC1|NDUFV2|NDUFS4|NDUFS8|NDUFAF1|NDUFB6|NDUFB4|NDUFS6|NDUFA12
Regulation of ornithine decarboxylase (ODC);0.00194174757281553;0.0158875864990821;0.736623517654553;2.78772804334287;0;50;PSMD8|PSMD11|PSMB7|PSMC4|PSMD2|PSMC3|PSMB2|PSMD4|PSMB6|PSMD1|PSMB1|PSMD7|PSMD3|PSMC2|PSMB5|PSMC5|PSMB3|PSMD13|PSMC1|PSMD9|PSMA7|OAZ1|PSMF1|ODC1|PSMA3
SCF-beta-TrCP mediated degradation of Emi1;0.00192307692307692;0.0158875864990821;0.714938703657653;2.74324648508071;0;53;PSMD8|PSMD11|PSMB7|PSMC4|PSMD2|PSMC3|PSMB2|PSMD4|PSMB6|PSMD1|PSMB1|PSMD7|PSMD3|PSMC2|PSMB5|CDC20|PSMC5|PSMB3|PSMD13|PSMC1|FZR1|PSMD9|PSMA7|PSMF1|PSMA3
The role of GTSE1 in G2/M progression after G2 checkpoint;0.00194552529182879;0.0158875864990821;0.704405478034089;2.73812403282575;0;58;PSMD8|PSMD11|PSMB7|PSMC4|PSMD2|PSMC3|PSMB2|PSMD4|PSMB6|PSMD1|PSMB1|PSMD7|PSMD3|PSMC2|PSMB5|PSMC5|PSMB3|PSMD13|CCNB2|PSMC1|CCNB1|PSMD9|PSMA7|GTSE1|PSMF1|PSMA3|PLK1|CDK1
Ubiquitin-dependent degradation of Cyclin D1;0.00192678227360308;0.0158875864990821;0.725889345088088;2.73181095516465;0;49;PSMD8|PSMD11|PSMB7|PSMC4|PSMD2|PSMC3|PSMB2|PSMD4|PSMB6|PSMD1|PSMB1|PSMD7|CDK4|PSMD3|PSMC2|PSMB5|PSMC5|PSMB3|PSMD13|PSMC1|PSMD9|PSMA7|PSMF1|PSMA3
Ubiquitin-dependent degradation of Cyclin D;0.00192678227360308;0.0158875864990821;0.725889345088088;2.73181095516465;0;49;PSMD8|PSMD11|PSMB7|PSMC4|PSMD2|PSMC3|PSMB2|PSMD4|PSMB6|PSMD1|PSMB1|PSMD7|CDK4|PSMD3|PSMC2|PSMB5|PSMC5|PSMB3|PSMD13|PSMC1|PSMD9|PSMA7|PSMF1|PSMA3
DNA Replication;0.00187265917602996;0.0158875864990821;0.628298393329926;2.72218591685186;0;99;PSMD8|PSMD11|PSMB7|PSMC4|PSMD2|PSMC3|PSMB2|PSMD4|PSMB6|PSMD1|PSMB1|PSMD7|E2F2|RFC2|PSMD3|PSMC2|MCM6|PSMB5|FEN1|PSMC5|PSMB3|MCM2|PSMD13|PSMC1|POLD2|FZR1|PSMD9|PSMA7|MCM5|MCM7|MCM3|CDT1|PSMF1|POLD4|PSMA3|LIG1|CDC45|PCNA|GMNN|PSME3|POLD1|CDC6|E2F1|GINS2|CCNA2|MCM4|PSMD14|ORC1|CDKN1A
Synthesis of DNA;0.00194931773879142;0.0158875864990821;0.636278911384084;2.72199679696318;0;92;PSMD8|PSMD11|PSMB7|PSMC4|PSMD2|PSMC3|PSMB2|PSMD4|PSMB6|PSMD1|PSMB1|PSMD7|RFC2|PSMD3|PSMC2|MCM6|PSMB5|FEN1|PSMC5|PSMB3|MCM2|PSMD13|PSMC1|POLD2|FZR1|PSMD9|PSMA7|MCM5|MCM7|MCM3|CDT1|PSMF1|POLD4|PSMA3|LIG1|CDC45|PCNA|PSME3|POLD1|CDC6|GINS2|CCNA2|MCM4|PSMD14|ORC1|CDKN1A
Assembly of the pre-replicative complex;0.00188679245283019;0.0158875864990821;0.670579458634362;2.70631350879183;0;66;PSMD8|PSMD11|PSMB7|PSMC4|PSMD2|PSMC3|PSMB2|PSMD4|PSMB6|PSMD1|PSMB1|PSMD7|E2F2|PSMD3|PSMC2|MCM6|PSMB5|PSMC5|PSMB3|MCM2|PSMD13|PSMC1|PSMD9|PSMA7|MCM5|MCM7|MCM3|CDT1|PSMF1|PSMA3|GMNN|PSME3|CDC6|E2F1|MCM4|PSMD14|ORC1
G1/S Transition;0.00184842883548983;0.0158875864990821;0.617128822183766;2.69141415447812;0;106;PSMD8|PSMD11|PSMB7|PSMC4|PSMD2|PSMC3|PSMB2|PSMD4|PSMB6|PSMD1|PSMB1|PSMD7|CDK4|PSMD3|PSMC2|MCM6|PSMB5|PSMC5|PKMYT1|PSMB3|MCM2|PSMD13|PSMC1|CCNB1|PSMD9|PSMA7|MCM5|MCM7|MCM3|DHFR|PPP2R1A|CDT1|PSMF1|TYMS|TFDP1|PSMA3|RRM2|CDK1|CDC25A|CDC45|PCNA|PSME3|CDC6|E2F1|CCNA2|MCM4|PSMD14|ORC1|CDKN1A|SKP1
Regulation of DNA replication;0.00189393939393939;0.0158875864990821;0.656614091511812;2.6887348880806;0;73;PSMD8|PSMD11|PSMB7|PSMC4|PSMD2|PSMC3|PSMB2|PSMD4|PSMB6|PSMD1|PSMB1|PSMD7|E2F2|PSMD3|PSMC2|MCM6|PSMB5|PSMC5|PSMB3|MCM2|PSMD13|PSMC1|FZR1|PSMD9|PSMA7|MCM5|MCM7|MCM3|CDT1|PSMF1|PSMA3|GMNN|PSME3|CDC6|E2F1|CCNA2|MCM4|PSMD14|ORC1|CDKN1A
Switching of origins to a post-replicative state;0.00187617260787993;0.0158875864990821;0.663384076607447;2.68807496568377;0;68;PSMD8|PSMD11|PSMB7|PSMC4|PSMD2|PSMC3|PSMB2|PSMD4|PSMB6|PSMD1|PSMB1|PSMD7|PSMD3|PSMC2|MCM6|PSMB5|PSMC5|PSMB3|MCM2|PSMD13|PSMC1|FZR1|PSMD9|PSMA7|MCM5|MCM7|MCM3|CDT1|PSMF1|PSMA3|PSME3|CDC6|CCNA2|MCM4|PSMD14|ORC1|CDKN1A
Orc1 removal from chromatin;0.00187617260787993;0.0158875864990821;0.663384076607447;2.68807496568377;0;68;PSMD8|PSMD11|PSMB7|PSMC4|PSMD2|PSMC3|PSMB2|PSMD4|PSMB6|PSMD1|PSMB1|PSMD7|PSMD3|PSMC2|MCM6|PSMB5|PSMC5|PSMB3|MCM2|PSMD13|PSMC1|FZR1|PSMD9|PSMA7|MCM5|MCM7|MCM3|CDT1|PSMF1|PSMA3|PSME3|CDC6|CCNA2|MCM4|PSMD14|ORC1|CDKN1A
Activation of APC/C and APC/C:Cdc20 mediated degradation of mitotic proteins;0.00189393939393939;0.0158875864990821;0.655733019022429;2.68512703017478;0;73;PSMD8|PSMD11|PSMB7|PSMC4|PSMD2|PSMC3|PSMB2|PSMD4|PSMB6|PSMD1|PSMB1|PSMD7|PTTG1|PSMD3|PSMC2|PSMB5|CDC20|PSMC5|PSMB3|ANAPC11|PSMD13|PSMC1|ANAPC15|CCNB1|NEK2|PSMD9|PSMA7|PSMF1|PSMA3|PLK1|CDK1|ANAPC2|ANAPC7|PSME3|MAD2L1|CCNA2|UBE2C|PSMD14
Cross-presentation of soluble exogenous antigens (endosomes);0.00192678227360308;0.0158875864990821;0.711998227965902;2.6795331442412;0;49;PSMD8|PSMD11|PSMB7|PSMC4|PSMD2|PSMC3|PSMB2|PSMD4|PSMB6|PSMD1|PSMB1|PSMD7|PSMD3|PSMC2|PSMB5|PSMC5|PSMB3|PSMD13|PSMC1|PSMD9|PSMA7|PSMF1|PSMA3
Removal of licensing factors from origins;0.00189035916824197;0.0158875864990821;0.658767999267215;2.67778750633703;0;70;PSMD8|PSMD11|PSMB7|PSMC4|PSMD2|PSMC3|PSMB2|PSMD4|PSMB6|PSMD1|PSMB1|PSMD7|PSMD3|PSMC2|MCM6|PSMB5|PSMC5|PSMB3|MCM2|PSMD13|PSMC1|FZR1|PSMD9|PSMA7|MCM5|MCM7|MCM3|CDT1|PSMF1|PSMA3|GMNN|PSME3|CDC6|CCNA2|MCM4|PSMD14|ORC1|CDKN1A
APC/C:Cdc20 mediated degradation of mitotic proteins;0.00185528756957328;0.0158875864990821;0.652432299831574;2.67520396162221;0;72;PSMD8|PSMD11|PSMB7|PSMC4|PSMD2|PSMC3|PSMB2|PSMD4|PSMB6|PSMD1|PSMB1|PSMD7|PTTG1|PSMD3|PSMC2|PSMB5|CDC20|PSMC5|PSMB3|ANAPC11|PSMD13|PSMC1|ANAPC15|CCNB1|NEK2|PSMD9|PSMA7|PSMF1|PSMA3|CDK1|ANAPC2|ANAPC7|PSME3|MAD2L1|CCNA2|UBE2C|PSMD14
Metabolism of polyamines;0.00187265917602996;0.0158875864990821;0.629176318543246;2.66900541085183;0;82;PSMD8|PSMD11|SMOX|PSMB7|SRM|PSMC4|PSMD2|PSMC3|PSMB2|PSMD4|PSMB6|PSMD1|PSMB1|PSMD7|PSMD3|PSMC2|PSMB5|PSMC5|PSMB3|ADI1|PSMD13|PSMC1|PSMD9|PSMA7|GOT1|OAZ1|SLC6A8|ASL|PSMF1|ODC1
Regulation of Apoptosis;0.00192678227360308;0.0158875864990821;0.707108292819356;2.66113036908852;0;49;PSMD8|PSMD11|PSMB7|PSMC4|PSMD2|PSMC3|PSMB2|PSMD4|PSMB6|PSMD1|PSMB1|PSMD7|PSMD3|PSMC2|PSMB5|PSMC5|PSMB3|PSMD13|PSMC1|PSMD9|PSMA7|PSMF1|PSMA3
Vpu mediated degradation of CD4;0.00194174757281553;0.0158875864990821;0.702427249936074;2.6583133664941;0;50;PSMD8|PSMD11|PSMB7|PSMC4|PSMD2|PSMC3|PSMB2|PSMD4|PSMB6|PSMD1|PSMB1|PSMD7|PSMD3|PSMC2|PSMB5|PSMC5|PSMB3|PSMD13|PSMC1|PSMD9|PSMA7|PSMF1|PSMA3
APC/C-mediated degradation of cell cycle proteins;0.00190839694656489;0.0158875864990821;0.626525760203201;2.65615506536042;0;83;PSMD8|PSMD11|PSMB7|PSMC4|PSMD2|PSMC3|PSMB2|PSMD4|PSMB6|PSMD1|PSMB1|PSMD7|PTTG1|PSMD3|PSMC2|PSMB5|CDC20|PSMC5|PSMB3|ANAPC11|PSMD13|PSMC1|ANAPC15|CCNB1|NEK2|FZR1|PSMD9|PSMA7|PSMF1|AURKB|PSMA3|PLK1|CDK1|ANAPC2|ANAPC7|PSME3|MAD2L1|CCNA2
Regulation of mitotic cell cycle;0.00190839694656489;0.0158875864990821;0.626525760203201;2.65615506536042;0;83;PSMD8|PSMD11|PSMB7|PSMC4|PSMD2|PSMC3|PSMB2|PSMD4|PSMB6|PSMD1|PSMB1|PSMD7|PTTG1|PSMD3|PSMC2|PSMB5|CDC20|PSMC5|PSMB3|ANAPC11|PSMD13|PSMC1|ANAPC15|CCNB1|NEK2|FZR1|PSMD9|PSMA7|PSMF1|AURKB|PSMA3|PLK1|CDK1|ANAPC2|ANAPC7|PSME3|MAD2L1|CCNA2
Regulation of activated PAK-2p34 by proteasome mediated degradation;0.00192678227360308;0.0158875864990821;0.709090134388642;2.65369175646097;0;48;PSMD8|PSMD11|PSMB7|PSMC4|PSMD2|PSMC3|PSMB2|PSMD4|PSMB6|PSMD1|PSMB1|PSMD7|PSMD3|PSMC2|PSMB5|PSMC5|PSMB3|PSMD13|PSMC1|PSMD9|PSMA7|PSMF1|PSMA3
NIK-->noncanonical NF-kB signaling;0.00193798449612403;0.0158875864990821;0.682514875872113;2.63986788797224;0;57;PSMD8|PSMD11|PSMB7|PSMC4|PSMD2|PSMC3|PSMB2|PSMD4|PSMB6|PSMD1|PSMB1|PSMD7|PSMD3|PSMC2|PSMB5|PSMC5|UBE2M|PSMB3|PSMD13|PSMC1|PSMD9|PSMA7|PSMF1|PSMA3
IRE1alpha activates chaperones;0.00194174757281553;0.0158875864990821;0.688881047230541;2.63662204253509;0;52;SRPRB|SEC61B|ASNA1|PREB|YIF1A|ACADVL|GSK3A|HDGF|LMNA|SEC61A1|XBP1|ATP6V0D1|PDIA5|CUL7|DNAJB11|SULT1A3|PPP2R5B|DCTN1|ARFGAP1|PDIA6|DDX11|ZBTB17|KLHDC3|SEC61G|WIPI1|CXXC1|HYOU1
Regulation of APC/C activators between G1/S and early anaphase;0.00190839694656489;0.0158875864990821;0.63454142985871;2.63451264250185;0;77;PSMD8|PSMD11|PSMB7|PSMC4|PSMD2|PSMC3|PSMB2|PSMD4|PSMB6|PSMD1|PSMB1|PSMD7|PSMD3|PSMC2|PSMB5|CDC20|PSMC5|PSMB3|ANAPC11|PSMD13|PSMC1|ANAPC15|CCNB1|FZR1|PSMD9|PSMA7|PSMF1|PSMA3|PLK1|CDK1|ANAPC2|ANAPC7|PSME3|MAD2L1|CCNA2|UBE2C|PSMD14|SKP1
Hh mutants that don't undergo autocatalytic processing are degraded by ERAD;0.00194174757281553;0.0158875864990821;0.685915452105525;2.63239510597331;0;54;PSMD8|PSMD11|PSMB7|PSMC4|PSMD2|PSMC3|PSMB2|PSMD4|PSMB6|PSMD1|PSMB1|PSMD7|PSMD3|PSMC2|PSMB5|PSMC5|PSMB3|PSMD13|PSMC1|PSMD9|PSMA7|VCP|PSMF1|PSMA3
CDK-mediated phosphorylation and removal of Cdc6;0.00192678227360308;0.0158875864990821;0.699283381596062;2.63168210903672;0;49;PSMD8|PSMD11|PSMB7|PSMC4|PSMD2|PSMC3|PSMB2|PSMD4|PSMB6|PSMD1|PSMB1|PSMD7|PSMD3|PSMC2|PSMB5|PSMC5|PSMB3|PSMD13|PSMC1|PSMD9|PSMA7|PSMF1|PSMA3
Vif-mediated degradation of APOBEC3G;0.00194174757281553;0.0158875864990821;0.686767401007198;2.62853227689994;0;52;PSMD8|PSMD11|PSMB7|PSMC4|PSMD2|PSMC3|PSMB2|PSMD4|TCEB2|PSMB6|PSMD1|PSMB1|PSMD7|PSMD3|PSMC2|PSMB5|PSMC5|PSMB3|PSMD13|PSMC1|PSMD9|PSMA7|PSMF1|PSMA3
XBP1(S) activates chaperone genes;0.00194174757281553;0.0158875864990821;0.693782827106454;2.62559882594105;0;50;SRPRB|SEC61B|ASNA1|PREB|YIF1A|ACADVL|GSK3A|HDGF|LMNA|SEC61A1|XBP1|ATP6V0D1|PDIA5|CUL7|DNAJB11|SULT1A3|PPP2R5B|DCTN1|ARFGAP1|PDIA6|DDX11|ZBTB17|KLHDC3|SEC61G|WIPI1|CXXC1|HYOU1
DNA Replication Pre-Initiation;0.00190839694656489;0.0158875864990821;0.629232358170419;2.61247024176237;0;77;PSMD8|PSMD11|PSMB7|PSMC4|PSMD2|PSMC3|PSMB2|PSMD4|PSMB6|PSMD1|PSMB1|PSMD7|E2F2|PSMD3|PSMC2|MCM6|PSMB5|PSMC5|PSMB3|MCM2|PSMD13|PSMC1|PSMD9|PSMA7|MCM5|MCM7|MCM3|CDT1|PSMF1|PSMA3|CDC45|GMNN|PSME3|CDC6|E2F1|MCM4|PSMD14|ORC1
M/G1 Transition;0.00190839694656489;0.0158875864990821;0.629232358170419;2.61247024176237;0;77;PSMD8|PSMD11|PSMB7|PSMC4|PSMD2|PSMC3|PSMB2|PSMD4|PSMB6|PSMD1|PSMB1|PSMD7|E2F2|PSMD3|PSMC2|MCM6|PSMB5|PSMC5|PSMB3|MCM2|PSMD13|PSMC1|PSMD9|PSMA7|MCM5|MCM7|MCM3|CDT1|PSMF1|PSMA3|CDC45|GMNN|PSME3|CDC6|E2F1|MCM4|PSMD14|ORC1
AUF1 (hnRNP D0) binds and destabilizes mRNA;0.00192307692307692;0.0158875864990821;0.680318689891861;2.61040820035703;0;53;PSMD8|PSMD11|PSMB7|PSMC4|PSMD2|PSMC3|PSMB2|PSMD4|PSMB6|PSMD1|PSMB1|PSMD7|PSMD3|PSMC2|PSMB5|PSMC5|PSMB3|PSMD13|PSMC1|PSMD9|PSMA7|PSMF1|PSMA3|HSPB1|EIF4G1|PSME3
APC:Cdc20 mediated degradation of cell cycle proteins prior to satisfation of the cell cycle checkpoint;0.00189035916824197;0.0158875864990821;0.64215804910155;2.61027069148874;0;70;PSMD8|PSMD11|PSMB7|PSMC4|PSMD2|PSMC3|PSMB2|PSMD4|PSMB6|PSMD1|PSMB1|PSMD7|PSMD3|PSMC2|PSMB5|CDC20|PSMC5|PSMB3|ANAPC11|PSMD13|PSMC1|ANAPC15|NEK2|PSMD9|PSMA7|PSMF1|PSMA3|CDK1|ANAPC2|ANAPC7|PSME3|MAD2L1|CCNA2|UBE2C|PSMD14
Hh mutants abrogate ligand secretion;0.00193798449612403;0.0158875864990821;0.674409258992761;2.6101049324917;0;56;PSMD8|PSMD11|PSMB7|PSMC4|PSMD2|PSMC3|PSMB2|PSMD4|PSMB6|PSMD1|PSMB1|PSMD7|PSMD3|PSMC2|PSMB5|PSMC5|PSMB3|PSMD13|PSMC1|PSMD9|PSMA7|VCP|PSMF1|PSMA3
Dectin-1 mediated noncanonical NF-kB signaling;0.00194931773879142;0.0158875864990821;0.667576322248534;2.60795314222219;0;59;PSMD8|PSMD11|PSMB7|PSMC4|PSMD2|PSMC3|PSMB2|PSMD4|PSMB6|PSMD1|PSMB1|PSMD7|PSMD3|PSMC2|PSMB5|PSMC5|UBE2M|PSMB3|PSMD13|PSMC1|PSMD9|PSMA7|PSMF1|PSMA3
Cdc20:Phospho-APC/C mediated degradation of Cyclin A;0.00186915887850467;0.0158875864990821;0.637752013797996;2.59605272252626;0;69;PSMD8|PSMD11|PSMB7|PSMC4|PSMD2|PSMC3|PSMB2|PSMD4|PSMB6|PSMD1|PSMB1|PSMD7|PSMD3|PSMC2|PSMB5|CDC20|PSMC5|PSMB3|ANAPC11|PSMD13|PSMC1|ANAPC15|PSMD9|PSMA7|PSMF1|PSMA3|CDK1|ANAPC2|ANAPC7|PSME3|MAD2L1|CCNA2|UBE2C|PSMD14
APC/C:Cdh1 mediated degradation of Cdc20 and other APC/C:Cdh1 targeted proteins in late mitosis/early G1;0.00189035916824197;0.0158875864990821;0.637581504235447;2.5916677619623;0;70;PSMD8|PSMD11|PSMB7|PSMC4|PSMD2|PSMC3|PSMB2|PSMD4|PSMB6|PSMD1|PSMB1|PSMD7|PTTG1|PSMD3|PSMC2|PSMB5|CDC20|PSMC5|PSMB3|ANAPC11|PSMD13|PSMC1|ANAPC15|FZR1|PSMD9|PSMA7|PSMF1|AURKB|PSMA3|PLK1|ANAPC2|ANAPC7|PSME3
Hedgehog ligand biogenesis;0.00193050193050193;0.0158875864990821;0.649681486484033;2.57868041569105;0;63;PSMD8|PSMD11|P4HB|PSMB7|PSMC4|PSMD2|PSMC3|PSMB2|PSMD4|PSMB6|PSMD1|PSMB1|PSMD7|PSMD3|PSMC2|PSMB5|PSMC5|PSMB3|PSMD13|PSMC1|PSMD9|PSMA7|VCP|PSMF1|PSMA3
APC/C:Cdc20 mediated degradation of Securin;0.00190839694656489;0.0158875864990821;0.64132976776139;2.57159060236986;0;65;PSMD8|PSMD11|PSMB7|PSMC4|PSMD2|PSMC3|PSMB2|PSMD4|PSMB6|PSMD1|PSMB1|PSMD7|PTTG1|PSMD3|PSMC2|PSMB5|CDC20|PSMC5|PSMB3|ANAPC11|PSMD13|PSMC1|ANAPC15|PSMD9|PSMA7|PSMF1|PSMA3|ANAPC2|ANAPC7|PSME3
Autodegradation of the E3 ubiquitin ligase COP1;0.00194174757281553;0.0158875864990821;0.67720689946684;2.56286776018237;0;50;PSMD8|PSMD11|PSMB7|PSMC4|PSMD2|PSMC3|PSMB2|PSMD4|PSMB6|PSMD1|PSMB1|PSMD7|PSMD3|PSMC2|PSMB5|PSMC5|PSMB3|PSMD13|PSMC1|PSMD9|PSMA7|PSMF1|PSMA3
p53-Independent DNA Damage Response;0.00194174757281553;0.0158875864990821;0.671560383786825;2.55862901246953;0;51;PSMD8|PSMD11|PSMB7|PSMC4|PSMD2|PSMC3|PSMB2|PSMD4|PSMB6|PSMD1|PSMB1|PSMD7|PSMD3|PSMC2|PSMB5|PSMC5|PSMB3|PSMD13|PSMC1|PSMD9|PSMA7|PSMF1|PSMA3|CDC25A
p53-Independent G1/S DNA damage checkpoint;0.00194174757281553;0.0158875864990821;0.671560383786825;2.55862901246953;0;51;PSMD8|PSMD11|PSMB7|PSMC4|PSMD2|PSMC3|PSMB2|PSMD4|PSMB6|PSMD1|PSMB1|PSMD7|PSMD3|PSMC2|PSMB5|PSMC5|PSMB3|PSMD13|PSMC1|PSMD9|PSMA7|PSMF1|PSMA3|CDC25A
Ubiquitin Mediated Degradation of Phosphorylated Cdc25A;0.00194174757281553;0.0158875864990821;0.671560383786825;2.55862901246953;0;51;PSMD8|PSMD11|PSMB7|PSMC4|PSMD2|PSMC3|PSMB2|PSMD4|PSMB6|PSMD1|PSMB1|PSMD7|PSMD3|PSMC2|PSMB5|PSMC5|PSMB3|PSMD13|PSMC1|PSMD9|PSMA7|PSMF1|PSMA3|CDC25A
Cyclin E associated events during G1/S transition;0.00188679245283019;0.0158875864990821;0.63397863086972;2.55860049232972;0;66;PSMD8|PSMD11|PSMB7|PSMC4|PSMD2|PSMC3|PSMB2|PSMD4|PSMB6|PSMD1|PSMB1|PSMD7|CDK4|PSMD3|PSMC2|PSMB5|PSMC5|PKMYT1|PSMB3|PSMD13|PSMC1|PSMD9|PSMA7|PSMF1|PSMA3|CDC25A|PSME3|CCNA2|PSMD14|CDKN1A|SKP1
SCF(Skp2)-mediated degradation of p27/p21;0.00194552529182879;0.0158875864990821;0.657870804449197;2.55723715435044;0;58;PSMD8|PSMD11|PSMB7|PSMC4|PSMD2|PSMC3|PSMB2|PSMD4|PSMB6|PSMD1|PSMB1|PSMD7|CDK4|PSMD3|PSMC2|PSMB5|PSMC5|PSMB3|PSMD13|PSMC1|PSMD9|PSMA7|PSMF1|PSMA3
Degradation of GLI1 by the proteasome;0.00193798449612403;0.0158875864990821;0.659629667070241;2.55135124172566;0;57;PSMD8|PSMD11|PSMB7|PSMC4|PSMD2|PSMC3|PSMB2|PSMD4|PSMB6|PSMD1|PSMB1|PSMD7|PSMD3|PSMC2|PSMB5|PSMC5|PSMB3|PSMD13|PSMC1|PSMD9|PSMA7|PRKACA|PSMF1|PRKACG|PSMA3
Mitotic G1-G1/S phases;0.00184162062615101;0.0158875864990821;0.56375444504956;2.54646926774604;0;129;PSMD8|PSMD11|PSMB7|MYBL2|PSMC4|PSMD2|PSMC3|PSMB2|PSMD4|PSMB6|PSMD1|PSMB1|PSMD7|CDK4|E2F2|PSMD3|PSMC2|MCM6|PSMB5|E2F4|PSMC5|PKMYT1|PSMB3|MCM2|PSMD13|PSMC1|CCNB1|PSMD9|PSMA7|MCM5|MCM7|MCM3|DHFR|PPP2R1A|CDT1|PSMF1|TYMS|TFDP1|PSMA3|TOP2A|RRM2|CDK1|CDC25A|CDC45|PCNA|PSME3|CDC6|CCND2|E2F1|CCNA2|CCND3|MCM4|CDKN2C|PSMD14|ORC1|CDKN1A
Cyclin A:Cdk2-associated events at S phase entry;0.00188323917137476;0.0158875864990821;0.627849574945323;2.53714492561977;0;67;PSMD8|PSMD11|PSMB7|PSMC4|PSMD2|PSMC3|PSMB2|PSMD4|PSMB6|PSMD1|PSMB1|PSMD7|CDK4|PSMD3|PSMC2|PSMB5|PSMC5|PSMB3|PSMD13|PSMC1|FZR1|PSMD9|PSMA7|PSMF1|PSMA3|CDC25A|PSME3|CCNA2|PSMD14|CDKN1A|SKP1
Autodegradation of Cdh1 by Cdh1:APC/C;0.00196078431372549;0.0158875864990821;0.645530596080204;2.52604952450106;0;61;PSMD8|PSMD11|PSMB7|PSMC4|PSMD2|PSMC3|PSMB2|PSMD4|PSMB6|PSMD1|PSMB1|PSMD7|PSMD3|PSMC2|PSMB5|PSMC5|PSMB3|ANAPC11|PSMD13|PSMC1|ANAPC15|FZR1|PSMD9|PSMA7|PSMF1|PSMA3|ANAPC2|ANAPC7|PSME3
CDT1 association with the CDC6:ORC:origin complex;0.00193798449612403;0.0158875864990821;0.652224322299136;2.52270844938267;0;57;PSMD8|PSMD11|PSMB7|PSMC4|PSMD2|PSMC3|PSMB2|PSMD4|PSMB6|PSMD1|PSMB1|PSMD7|PSMD3|PSMC2|PSMB5|PSMC5|PSMB3|PSMD13|PSMC1|PSMD9|PSMA7|CDT1|PSMF1|PSMA3|GMNN|PSME3|CDC6
GLI3 is processed to GLI3R by the proteasome;0.00193798449612403;0.0158875864990821;0.650788010303968;2.51715300429687;0;57;PSMD8|PSMD11|PSMB7|PSMC4|PSMD2|PSMC3|PSMB2|PSMD4|PSMB6|PSMD1|PSMB1|PSMD7|PSMD3|PSMC2|PSMB5|PSMC5|PSMB3|PSMD13|PSMC1|PSMD9|PSMA7|PRKACA|PSMF1|PRKACG|PSMA3
Degradation of DVL;0.00194552529182879;0.0158875864990821;0.650998537555807;2.51176956850643;0;55;PSMD8|PSMD11|PSMB7|PSMC4|PSMD2|PSMC3|PSMB2|PSMD4|PSMB6|PSMD1|PSMB1|PSMD7|PSMD3|PSMC2|PSMB5|PSMC5|PSMB3|PSMD13|PSMC1|PSMD9|PSMA7|PSMF1|PSMA3
Asymmetric localization of PCP proteins;0.00194931773879142;0.0158875864990821;0.6377444844531;2.51078798288116;0;62;PSMD8|PSMD11|PSMB7|PSMC4|PSMD2|PSMC3|PSMB2|PSMD4|PSMB6|PSMD1|PSMB1|PSMD7|PSMD3|PSMC2|PSMB5|PSMC5|PSMB3|PSMD13|PSMC1|PSMD9|PSMA7|PSMF1|PARD6A|PSMA3
Degradation of AXIN;0.00192307692307692;0.0158875864990821;0.645499763241362;2.47680667947196;0;53;PSMD8|PSMD11|PSMB7|PSMC4|PSMD2|PSMC3|PSMB2|PSMD4|PSMB6|PSMD1|PSMB1|PSMD7|PSMD3|PSMC2|PSMB5|PSMC5|PSMB3|PSMD13|PSMC1|PSMD9|PSMA7|PSMF1|PSMA3
ER-Phagosome pathway;0.00193050193050193;0.0158875864990821;0.622204707233255;2.46962107813213;0;63;HLA-G|PSMD8|PSMD11|PSMB7|SEC61B|PSMC4|PSMD2|PSMC3|PSMB2|PSMD4|PSMB6|PSMD1|PSMB1|PSMD7|PSMD3|PSMC2|PSMB5|PSMC5|PSMB3|PSMD13|PSMC1|SEC61A1|PSMD9|PSMA7|PSMF1|PSMA3|CALR|HLA-A|PSME3|SEC61G
Stabilization of p53;0.00192307692307692;0.0158875864990821;0.640519791056226;2.45769834036151;0;53;PSMD8|PSMD11|PSMB7|PSMC4|PSMD2|PSMC3|PSMB2|PSMD4|PSMB6|PSMD1|PSMB1|PSMD7|PSMD3|PSMC2|PSMB5|PSMC5|PSMB3|PSMD13|PSMC1|PSMD9|PSMA7|PSMF1|PSMA3
PCP/CE pathway;0.00189393939393939;0.0158875864990821;0.568440643210303;2.43732088099878;0;90;AP2M1|PSMD8|PSMD11|PSMB7|PSMC4|PSMD2|PSMC3|PSMB2|PSMD4|PSMB6|CLTB|PSMD1|PSMB1|PSMD7|PSMD3|PSMC2|PSMB5|PSMC5|PSMB3|PSMD13|PSMC1|PSMD9|PSMA7|CLTA|RAC1|PSMF1|PARD6A|PSMA3|AP2S1|PFN1|PSME3|RAC2|ARRB2|WNT11|AP2A2|PSMD14|AP2A1|AP2B1
Degradation of GLI2 by the proteasome;0.00193798449612403;0.0158875864990821;0.627238011852165;2.42606504874825;0;57;PSMD8|PSMD11|PSMB7|PSMC4|PSMD2|PSMC3|PSMB2|PSMD4|PSMB6|PSMD1|PSMB1|PSMD7|PSMD3|PSMC2|PSMB5|PSMC5|PSMB3|PSMD13|PSMC1|PSMD9|PSMA7|PRKACA|PSMF1|PRKACG|PSMA3
S Phase;0.00189035916824197;0.0158875864990821;0.542840292873493;2.41086426479986;0;118;PSMD8|PSMD11|PSMB7|PSMC4|PSMD2|PSMC3|PSMB2|PSMD4|PSMB6|PSMD1|PSMB1|PSMD7|CDK4|RFC2|PSMD3|PSMC2|MCM6|PSMB5|FEN1|PSMC5|PSMB3|MCM2|PSMD13|PSMC1|POLD2|FZR1|PSMD9|PSMA7|MCM5|MCM7|MCM3|CDT1|PSMF1|CDCA5|POLD4|PSMA3|CDC25A|LIG1|CDC45|PCNA|PSME3|POLD1|CDC6|GINS2|CCNA2|MCM4|PSMD14|ORC1|CDKN1A
TNFR2 non-canonical NF-kB pathway;0.00194931773879142;0.0158875864990821;0.563043502293766;2.40869622169423;0;92;PSMD8|PSMD11|PSMB7|PSMC4|PSMD2|PSMC3|PSMB2|PSMD4|PSMB6|PSMD1|PSMB1|PSMD7|PSMD3|CD70|PSMC2|TNFRSF13B|TNFRSF4|PSMB5|PSMC5|UBE2M|PSMB3|PSMD13|PSMC1|PSMD9|PSMA7|EDARADD|CD27|PSMF1|LTA|PSMA3|TRAF2
Gluconeogenesis;0.00197628458498024;0.0158875864990821;0.722754991836069;2.4031165650058;0;29;GAPDH|ENO1|GOT2|MDH2|TPI1|MDH1|ALDOA|SLC25A1|PGAM1|SLC25A11|GOT1|PCK2|PRKACA|SLC25A10|GPI|PRKACG|ENO2|PGK1
G2/M Checkpoints;0.00186915887850467;0.0158875864990821;0.521008936651399;2.38184799338745;0;143;PSMD8|PSMD11|PSMB7|HIST1H2BJ|PSMC4|PSMD2|PSMC3|PSMB2|PSMD4|H2AFX|YWHAH|PSMB6|PSMD1|PSMB1|PSMD7|RFC2|PSMD3|PSMC2|MCM6|PSMB5|HIST1H2BK|PSMC5|KAT5|PKMYT1|PSMB3|MCM2|PSMD13|CCNB2|PSMC1|BABAM1|CCNB1|H2BFS|PSMD9|PSMA7|MCM5|MCM7|MCM3|GTSE1|PSMF1|HIST1H2BO|HIST1H2BD|PSMA3|YWHAE|PIAS4|CDK1|BRE|CDC25A|CDC45
Unfolded Protein Response (UPR);0.00187265917602996;0.0158875864990821;0.557428678357827;2.36464742052869;0;82;SRPRB|SEC61B|ASNA1|PREB|YIF1A|ACADVL|GSK3A|HDGF|LMNA|KHSRP|SEC61A1|XBP1|ATP6V0D1|EXOSC1|PDIA5|CUL7|DNAJB11|SULT1A3|PPP2R5B|DCTN1|ARFGAP1|PDIA6|DDX11|ZBTB17|ATF4|EXOSC5|CALR|HSP90B1|HERPUD1|KLHDC3|SEC61G|EXOSC4|WIPI1|CXXC1|HYOU1|ADD1|PARN|WFS1|EXOSC7
Regulation of RAS by GAPs;0.00190839694656489;0.0158875864990821;0.583505812667842;2.3397293244668;0;65;PSMD8|PSMD11|PSMB7|PSMC4|PSMD2|PSMC3|PSMB2|PSMD4|PSMB6|PSMD1|PSMB1|PSMD7|PSMD3|PSMC2|PSMB5|PSMC5|PSMB3|PSMD13|PSMC1|PSMD9|PSMA7|PSMF1|PSMA3|DAB2IP|HRAS
G1/S DNA Damage Checkpoints;0.00191204588910134;0.0158875864990821;0.580434151134136;2.32058234869392;0;64;PSMD8|PSMD11|PSMB7|PSMC4|PSMD2|PSMC3|PSMB2|PSMD4|PSMB6|PSMD1|PSMB1|PSMD7|PSMD3|PSMC2|PSMB5|PSMC5|PSMB3|PSMD13|PSMC1|PSMD9|PSMA7|PSMF1|PSMA3|CDC25A|PSME3|CCNA2|CHEK1|PSMD14|CDKN1A
Formation of ATP by chemiosmotic coupling;0.00189393939393939;0.0158875864990821;0.808179434539528;2.32046167263807;0;16;ATP5I|ATP5G1|ATP5J2|ATP5B|ATP5G3|ATP5F1|ATP5J|ATP5D|ATP5A1|ATP5O|ATP5H|ATP5G2|ATP5E|ATP5C1|ATP5L
p53-Dependent G1/S DNA damage checkpoint;0.00194931773879142;0.0158875864990821;0.589255783708257;2.31988888441216;0;62;PSMD8|PSMD11|PSMB7|PSMC4|PSMD2|PSMC3|PSMB2|PSMD4|PSMB6|PSMD1|PSMB1|PSMD7|PSMD3|PSMC2|PSMB5|PSMC5|PSMB3|PSMD13|PSMC1|PSMD9|PSMA7|PSMF1|PSMA3
p53-Dependent G1 DNA Damage Response;0.00194931773879142;0.0158875864990821;0.589255783708257;2.31988888441216;0;62;PSMD8|PSMD11|PSMB7|PSMC4|PSMD2|PSMC3|PSMB2|PSMD4|PSMB6|PSMD1|PSMB1|PSMD7|PSMD3|PSMC2|PSMB5|PSMC5|PSMB3|PSMD13|PSMC1|PSMD9|PSMA7|PSMF1|PSMA3
rRNA processing;0.0018796992481203;0.0158875864990821;0.533004088831838;2.27611274051028;0;88;RRP36|NHP2|PES1|DDX49|HSD17B10|WDR18|WBSCR22|NOP10|RRP9|IMP4|EXOSC1|BOP1|RRP7A|GAR1|TBL3|PELP1|EXOSC5|CSNK1E|WDR46|NOP56|NOP14|EXOSC4|NOB1|TRMT112|TSR1|EXOSC10|ISG20L2|UTP18|RCL1|LAS1L|C1D|DHX37|EXOSC7|NOC4L|LTV1|BMS1|KIAA0391|NOL6|PDCD11|SENP3|FCF1|UBA52
Activation of NF-kappaB in B cells;0.00191204588910134;0.0158875864990821;0.56479266903371;2.25804752506451;0;64;PSMD8|PSMD11|PSMB7|PSMC4|PSMD2|PSMC3|PSMB2|PSMD4|PSMB6|PSMD1|PSMB1|PSMD7|PSMD3|PSMC2|PSMB5|PSMC5|PSMB3|PSMD13|PSMC1|PSMD9|PSMA7|PSMF1|PSMA3
DNA strand elongation;0.00197628458498024;0.0158875864990821;0.678957657795363;2.25749308246306;0;29;RFC2|MCM6|FEN1|MCM2|POLD2|MCM5|MCM7|MCM3|POLD4|LIG1|CDC45|PCNA|POLD1|GINS2|MCM4|PRIM2|RFC4
Separation of Sister Chromatids;0.00191204588910134;0.0158875864990821;0.488976153251652;2.25635301801226;0;154;PSMD8|SEC13|PMF1|PSMD11|PSMB7|BIRC5|PSMC4|PSMD2|PSMC3|PSMB2|PSMD4|PSMB6|PSMD1|PSMB1|PSMD7|PTTG1|SPC24|PSMD3|PSMC2|PSMB5|CDC20|PSMC5|ESPL1|PSMB3|ANAPC11|ZWINT|PSMD13|NUDC|PSMC1|ANAPC15|BUB1|SKA1|PSMD9|PSMA7|SPC25|CENPO|PPP2R1A|PSMF1|PPP2R5D|KIF2C|PPP2R5B|CDCA5|AURKB|PSMA3|PLK1|CENPM|ANAPC2|NUF2|CENPF|ANAPC7|PSME3|B9D2|MAD2L1
Antigen processing-Cross presentation;0.00188323917137476;0.0158875864990821;0.539867643222887;2.25261990982475;0;79;HLA-G|PSMD8|PSMD11|PSMB7|SEC61B|PSMC4|PSMD2|PSMC3|PSMB2|PSMD4|PSMB6|PSMD1|PSMB1|PSMD7|PSMD3|PSMC2|PSMB5|PSMC5|PSMB3|PSMD13|PSMC1|SEC61A1|PSMD9|PSMA7|CYBA|ITGB5|PSMF1|PSMA3|CALR|HLA-A
G1/S-Specific Transcription;0.0019047619047619;0.0158875864990821;0.770655280362241;2.2495981667562;0;17;DHFR|CDT1|TYMS|TFDP1|RRM2|CDK1|CDC25A|CDC45|PCNA|CDC6|E2F1|ORC1
Major pathway of rRNA processing in the nucleolus;0.0019047619047619;0.0158875864990821;0.544107391916474;2.23636342930705;0;74;RRP36|PES1|DDX49|WDR18|RRP9|IMP4|EXOSC1|BOP1|RRP7A|TBL3|PELP1|EXOSC5|CSNK1E|WDR46|NOP56|NOP14|EXOSC4|NOB1|TSR1|EXOSC10|ISG20L2|UTP18|RCL1|LAS1L|C1D|DHX37|EXOSC7|NOC4L|LTV1|BMS1|NOL6|PDCD11|SENP3|FCF1|UBA52
Hedgehog 'on' state;0.00189753320683112;0.0158875864990821;0.525644737981724;2.20955435908127;0;81;PSMD8|PSMD11|PSMB7|PSMC4|PSMD2|PSMC3|PSMB2|PSMD4|PSMB6|PSMD1|PSMB1|PSMD7|PSMD3|PSMC2|PSMB5|PSMC5|PSMB3|PSMD13|PSMC1|PSMD9|PSMA7|PSMF1|PSMA3|IQCE|EVC|BOC|PSME3|ARRB2|RBX1
Telomere Maintenance;0.00194552529182879;0.0158875864990821;0.571835276206662;2.20633129279685;0;55;HIST1H2BJ|H2AFX|NHP2|RFC2|HIST1H2BK|RUVBL1|FEN1|RUVBL2|POLD2|H2BFS|HIST1H2BO|WRAP53|POLD4|HIST1H2BD|LIG1|PCNA|H2AFZ|TERT|POLD1|HIST1H2BH|PRIM2|RFC4|TERF2|HIST2H2BE|ACD|H2AFB1|POLE2|HIST1H2AC|HIST1H2BB|POLA2|DKC1|RFC5|PRIM1
Mitochondrial protein import;0.00194174757281553;0.0158875864990821;0.574986360550881;2.19068429198282;0;51;ATP5G1|TIMM50|TOMM40|TIMM44|ATP5B|TOMM22|TIMM17B|ACO2|TIMM23|GRPEL1|SAMM50|CYC1|GFER|PAM16|ATP5A1|TIMM22|CHCHD2|TIMM13|BCS1L|HSCB|TIMM17A|HSPD1|COX17|IDH3G|VDAC1|CS|PMPCA|TOMM6|SLC25A6|TAZ
Hedgehog 'off' state;0.00190839694656489;0.0158875864990821;0.507455444319888;2.18917933026293;0;95;PSMD8|PSMD11|PSMB7|PSMC4|PSMD2|PSMC3|PSMB2|PSMD4|PSMB6|PSMD1|PSMB1|PSMD7|PRKAR1B|FUZ|PSMD3|PSMC2|PSMB5|IFT122|PSMC5|PSMB3|GNAS|PSMD13|PSMC1|PSMD9|PSMA7|PRKACA|PSMF1|PRKACG|IFT52|PSMA3
FCERI mediated NF-kB activation;0.00189753320683112;0.0158875864990821;0.526255295081725;2.17195799384001;0;75;PSMD8|PSMD11|PSMB7|PSMC4|PSMD2|PSMC3|PSMB2|PSMD4|PSMB6|PSMD1|PSMB1|PSMD7|PSMD3|PSMC2|PSMB5|PSMC5|PSMB3|PSMD13|PSMC1|UBE2V1|PSMD9|PSMA7|PSMF1|UBE2D2|PSMA3|CDC34|PSME3|RELA|TAB1
Glucose metabolism;0.00185528756957328;0.0158875864990821;0.528305231295698;2.16623893095551;0;72;GAPDH|PKM|ENO1|GOT2|MDH2|TPI1|GYS1|MDH1|ALDOA|SLC25A1|PFKM|PGAM1|SLC25A11|GOT1|PCK2|PRKACA|PFKP|SLC25A10|GPI|PPP2R1A|PPP2R5D|PRKACG|ENO2|PGK1|PGM1|GYG1|GNPDA1|HK1|PHKG2|GCK|PFKFB1|PC|ENO3|PGM2|PFKL|PYGB|ALDOC|UBA52|GAPDHS|UBC|CALM1
Regulation of mRNA stability by proteins that bind AU-rich elements;0.00192307692307692;0.0158875864990821;0.511518708367754;2.16465391939399;0;85;PSMD8|PSMD11|PSMB7|PSMC4|PSMD2|PSMC3|PSMB2|PSMD4|PSMB6|PSMD1|PSMB1|PSMD7|PSMD3|PSMC2|PSMB5|PSMC5|KHSRP|PSMB3|PSMD13|PSMC1|PSMD9|PSMA7|ANP32A|EXOSC1|PSMF1|PSMA3|EXOSC5|MAPKAPK2|HSPB1|EIF4G1|PSME3|EXOSC4|PSMD14|PARN|EXOSC7|HNRNPD|NUP214|PSMB11|ELAVL1|YWHAB|MAPK11|PSMB10|UBA52|PSMD12|UBC|PSMA6|AKT1|PSMA1
Metabolism of nucleotides;0.00189393939393939;0.0158875864990821;0.507944661714343;2.15444099533923;0;84;LHPP|DCTPP1|NME4|NME2|PAICS|UCK2|GPX1|NT5M|NUDT1|IMPDH1|TK1|NUDT18|CDA|TYMS|UCK1|TXN|NME1|PNP|AK2|ATIC|AK1|RRM2|ADA|DTYMK|APRT|DGUOK|ITPA|GMPR|CAD|RRM1|NUDT5|GUK1|ADSL|UMPS|GSR
Extension of Telomeres;0.00196078431372549;0.0158875864990821;0.666834111276945;2.13206640269785;0;25;NHP2|RFC2|RUVBL1|FEN1|RUVBL2|POLD2|WRAP53|POLD4|LIG1|PCNA|TERT|POLD1|PRIM2|RFC4|POLE2|POLA2|DKC1|RFC5|PRIM1
Degradation of beta-catenin by the destruction complex;0.00189753320683112;0.0158875864990821;0.506766370171079;2.13019889925395;0;81;PSMD8|PSMD11|PSMB7|PSMC4|PSMD2|PSMC3|PSMB2|PSMD4|PSMB6|PSMD1|PSMB1|PSMD7|PSMD3|PSMC2|PSMB5|PSMC5|PSMB3|PSMD13|PSMC1|PSMD9|PSMA7|PPP2R1A|PSMF1|PPP2R5D|PPP2R5B|PSMA3
Retrograde neurotrophin signalling;0.00191204588910134;0.0158875864990821;0.782613797203801;2.10301591936725;0;12;AP2M1|DNM2|CLTA|DNM1|AP2S1|AP2A2|AP2A1|AP2B1
Host Interactions of HIV factors;0.00191570881226054;0.0158875864990821;0.461559585759729;2.07026747520188;0;128;AP2M1|PSMD8|HMGA1|PSMD11|RANBP1|ARF1|PSMB7|PSMC4|PSMD2|PSMC3|PSMB2|PSMD4|TCEB2|PSMB6|PSMD1|PSMB1|PSMD7|PSMD3|PSMC2|PSMB5|PSMC5|PSMB3|PSMD13|PSMC1|BANF1|PSMD9|PSMA7|RAC1|PSMF1|RAE1|RCC1|PSMA3|AP2S1|HLA-A|RAN|AAAS|AP1S1|PSME3|RBX1|AP2A2|PPIA|PSMD14|AP2A1|AP2B1|AP1M2|SKP1
Signaling by Hedgehog;0.00183823529411765;0.0158875864990821;0.452945108020569;2.04742860554767;0;130;PSMD8|PSMD11|P4HB|PSMB7|PSMC4|PSMD2|PSMC3|PSMB2|PSMD4|PSMB6|PSMD1|PSMB1|PSMD7|PRKAR1B|FUZ|PSMD3|PSMC2|PSMB5|IFT122|PSMC5|PSMB3|GNAS|PSMD13|PSMC1|PSMD9|PSMA7|PRKACA|VCP|PSMF1|PRKACG|IFT52|PSMA3|IQCE|EVC|BOC|IFT140|PSME3|ADCY3|ARRB2|RBX1
MAPK6/MAPK4 signaling;0.00189753320683112;0.0158875864990821;0.480608145898868;2.04547783835708;0;87;PSMD8|PSMD11|PSMB7|PSMC4|PSMD2|PSMC3|PSMB2|PSMD4|PSMB6|PSMD1|PSMB1|PSMD7|PSMD3|PSMC2|PSMB5|JUN|PSMC5|PSMB3|PSMD13|PSMC1|PSMD9|PSMA7|PRKACA|RAC1|PSMF1|PRKACG|PSMA3|CDK1
COPI-dependent Golgi-to-ER retrograde traffic;0.00190839694656489;0.0158875864990821;0.49188706750753;2.04223497009533;0;77;RAB1B|COPE|TMED9|ARF1|SURF4|COPZ1|KDELR1|KIF1C|TMED3|ARF4|ARF5|KDELR2|KIF2C|COPB2|KLC3|ARFGAP1|KIF4A|KIF11|KIF18B|ARFGAP2|STX18|NAPA|COPG1|KIF20A|KLC2|KLC4
Glycolysis;0.00195694716242661;0.0158875864990821;0.595974024145489;2.02255594583336;0;31;GAPDH|PKM|ENO1|TPI1|ALDOA|PFKM|PGAM1|PFKP|GPI|PPP2R1A|PPP2R5D|ENO2|PGK1|HK1|GCK|PFKFB1|ENO3|PFKL|ALDOC|GAPDHS
Abortive elongation of HIV-1 transcript in the absence of Tat;0.00194552529182879;0.0158875864990821;0.633951269551262;2.0049979323162;0;23;POLR2L|NELFE|POLR2E|SUPT5H|NELFB|POLR2G|POLR2I|POLR2C|GTF2F1|POLR2J|POLR2F|CTDP1|SUPT4H1
Downstream TCR signaling;0.00194931773879142;0.0158875864990821;0.466538302425696;1.9958476418792;0;92;PSMD8|PSMD11|PSMB7|PSMC4|PSMD2|PSMC3|PSMB2|PSMD4|PSMB6|PSMD1|PSMB1|PSMD7|PSMD3|PSMC2|PSMB5|PSMC5|PSMB3|PSMD13|PSMC1|UBE2V1|PSMD9|PSMA7|PIK3R2|PSMF1|UBE2D2|PSMA3|CDC34|HLA-DRB5|PSME3|RELA
Unwinding of DNA;0.00191204588910134;0.0158875864990821;0.742461400205985;1.99511962314955;0;12;MCM6|MCM2|MCM5|MCM7|MCM3|CDC45|GINS2|MCM4
Cytosolic iron-sulfur cluster assembly;0.00191204588910134;0.0158875864990821;0.739652168716056;1.98757074199563;0;12;RTEL1|NUBP1|NARFL|ERCC2|FAM96B|NDOR1|POLD1|MMS19|NUBP2
Base Excision Repair;0.00194552529182879;0.0158875864990821;0.580186386234058;1.98458007425214;0;32;RFC2|FEN1|NTHL1|POLD2|NEIL2|XRCC1|POLD4|MPG|UNG|LIG1|PCNA|POLD1|PARP1|RFC4|OGG1|MUTYH|POLE2|SMUG1
Resolution of Abasic Sites (AP sites);0.00194552529182879;0.0158875864990821;0.580186386234058;1.98458007425214;0;32;RFC2|FEN1|NTHL1|POLD2|NEIL2|XRCC1|POLD4|MPG|UNG|LIG1|PCNA|POLD1|PARP1|RFC4|OGG1|MUTYH|POLE2|SMUG1
Formation of tubulin folding intermediates by CCT/TriC;0.00194552529182879;0.0158875864990821;0.625495007510054;1.97825330899563;0;23;TUBA4A|TUBB4B|CCT7|TUBA1C|TUBA8|CCT3|TUBA1B|CCT8|CCT5|TUBB6|TCP1|TUBB4A|TUBB1|CCT6A
SRP-dependent cotranslational protein targeting to membrane;0.00198019801980198;0.0158875864990821;0.623899706587214;1.97696810458993;0;24;SRPRB|SPCS1|SEC61B|SSR4|DDOST|SEC61A1|SPCS2|SEC11C|SRP68|SEC61G|SRP72|SRP54|SRP14|SSR2|UBA52
E2F mediated regulation of DNA replication;0.00194552529182879;0.0158875864990821;0.577657423847072;1.97592952939134;0;32;CCNB1|DHFR|PPP2R1A|CDT1|TYMS|TFDP1|RRM2|CDK1|CDC25A|CDC45|PCNA|CDC6|E2F1|ORC1|PRIM2|ORC5
Citric acid cycle (TCA cycle);0.00190114068441065;0.0158875864990821;0.661200599681741;1.97306216764435;0;18;MDH2|ACO2|SUCLG1|SUCLA2|SDHA|IDH2|DLST|IDH3B|IDH3G|CS|IDH3A|OGDH|SDHB
Chromosome Maintenance;0.00189753320683112;0.0158875864990821;0.468603751961248;1.9697818469626;0;81;HIST1H2BJ|H2AFX|NHP2|RFC2|HIST1H2BK|RUVBL1|FEN1|RUVBL2|POLD2|H2BFS|CENPO|HIST1H2BO|WRAP53|POLD4|HIST1H2BD|STRA13|LIG1|CENPM|HJURP|PCNA|H2AFZ|TERT|POLD1|HIST1H2BH|OIP5|PRIM2|RFC4|TERF2|HIST2H2BE|CENPI|ACD|CENPT|H2AFB1|CENPU|POLE2|HIST1H2AC|RBBP7
Formation of the Early Elongation Complex;0.00194552529182879;0.0158875864990821;0.575706406709193;1.96925589859229;0;32;POLR2L|NELFE|POLR2E|SUPT5H|NELFB|POLR2G|GTF2H4|POLR2I|ERCC2|POLR2C|GTF2F1|POLR2J|POLR2F|CTDP1
Formation of the HIV-1 Early Elongation Complex;0.00194552529182879;0.0158875864990821;0.575706406709193;1.96925589859229;0;32;POLR2L|NELFE|POLR2E|SUPT5H|NELFB|POLR2G|GTF2H4|POLR2I|ERCC2|POLR2C|GTF2F1|POLR2J|POLR2F|CTDP1
Mitochondrial Fatty Acid Beta-Oxidation;0.00380952380952381;0.0251720087262964;0.673593093849118;1.96626666640155;1;17;ACADVL|ECI1|ACADS|PCCB|ECHS1|HADHA|ACAD10|HADH
COPI-mediated anterograde transport;0.00189753320683112;0.0158875864990821;0.475425999039144;1.96217559945327;0;75;RAB1B|COPE|TMED9|ARF1|COPZ1|YKT6|STX5|KDELR1|TMEM115|TMED3|ARF4|DCTN3|ARF5|DCTN2|KDELR2|COPB2|DCTN1|ARFGAP1|BET1L|ARFGAP2|NAPA|COPG1
tRNA Aminoacylation;0.00194174757281553;0.0158875864990821;0.539899871663898;1.95482185431923;0;41;FARSB|YARS|SARS|FARS2|VARS|SARS2|FARSA|EPRS|RARS|AARS2|VARS2|AARS|TARS2|TARS|IARS|KARS|HARS|PPA2|CARS
Pausing and recovery of Tat-mediated HIV elongation;0.00391389432485323;0.0251720087262964;0.575909030478598;1.95446141385729;1;31;POLR2L|TCEB2|NELFE|POLR2E|SUPT5H|NELFB|POLR2G|SSRP1|POLR2I|POLR2C|GTF2F1|POLR2J|POLR2F|CTDP1|ELL|SUPT4H1
Tat-mediated HIV elongation arrest and recovery;0.00391389432485323;0.0251720087262964;0.575909030478598;1.95446141385729;1;31;POLR2L|TCEB2|NELFE|POLR2E|SUPT5H|NELFB|POLR2G|SSRP1|POLR2I|POLR2C|GTF2F1|POLR2J|POLR2F|CTDP1|ELL|SUPT4H1
Processive synthesis on the C-strand of the telomere;0.00192678227360308;0.0158875864990821;0.820788122596119;1.94965855275917;0;8;FEN1|POLD2|POLD4|LIG1|PCNA|POLD1
Cytosolic tRNA aminoacylation;0.00194552529182879;0.0158875864990821;0.615199990431854;1.94569325438834;0;23;FARSB|YARS|SARS|VARS|FARSA|EPRS|RARS|AARS|TARS|IARS|KARS|HARS|CARS
RNA Pol II CTD phosphorylation and interaction with CE;0.00392927308447937;0.0251720087262964;0.594946593499511;1.93374525999524;1;26;POLR2L|POLR2E|SUPT5H|POLR2G|GTF2H4|POLR2I|ERCC2|POLR2C|GTF2F1|POLR2J
RNA Pol II CTD phosphorylation and interaction with CE;0.00392927308447937;0.0251720087262964;0.594946593499511;1.93374525999524;1;26;POLR2L|POLR2E|SUPT5H|POLR2G|GTF2H4|POLR2I|ERCC2|POLR2C|GTF2F1|POLR2J
Cooperation of Prefoldin and TriC/CCT  in actin and tubulin folding;0.00395256916996047;0.0251720087262964;0.578262886090675;1.92268906640461;1;29;TUBA4A|TUBB4B|CCT7|TUBA1C|TUBA8|CCT3|TUBA1B|CCT8|CCT5|PFDN2|PFDN6
CLEC7A (Dectin-1) signaling;0.00190839694656489;0.0158875864990821;0.444789263503483;1.9196733984732;0;96;PSMD8|PSMD11|PSMB7|PSMC4|PSMD2|PSMC3|PSMB2|PSMD4|PSMB6|PSMD1|PSMB1|PSMD7|PSMD3|PSMC2|PSMB5|PSMC5|UBE2M|PSMB3|PSMD13|PSMC1|UBE2V1|PSMD9|PSMA7|PSMF1|PYCARD|UBE2D2|PSMA3
Lagging Strand Synthesis;0.00380952380952381;0.0251720087262964;0.65690917034264;1.91756509425786;1;17;RFC2|FEN1|POLD2|POLD4|LIG1|PCNA|POLD1|PRIM2|RFC4|POLA2|RFC5|PRIM1
Golgi-to-ER retrograde transport;0.00184842883548983;0.0158875864990821;0.439662422164231;1.91745000989855;0;106;RAB1B|COPE|TMED9|ARF1|SURF4|COPZ1|PAFAH1B3|KDELR1|KIF1C|TMED3|ARF4|DCTN3|ARF5|DCTN2|KDELR2|KIF2C|COPB2|RAB6B|KLC3|DCTN1|ARFGAP1|KIF4A|KIF11|KIF18B|GALNT2|ARFGAP2|STX18|NAPA|COPG1|KIF20A|KLC2|KLC4|DYNLL2|PLA2G6
HIV Transcription Elongation;0.00191204588910134;0.0158875864990821;0.524502747878373;1.91506860339222;0;42;POLR2L|TCEB2|NELFE|POLR2E|SUPT5H|NELFB|POLR2G|GTF2H4|SSRP1|POLR2I|ERCC2|POLR2C|GTF2F1|POLR2J|POLR2F|CTDP1|ELL|SUPT4H1
Tat-mediated elongation of the HIV-1 transcript;0.00191204588910134;0.0158875864990821;0.524502747878373;1.91506860339222;0;42;POLR2L|TCEB2|NELFE|POLR2E|SUPT5H|NELFB|POLR2G|GTF2H4|SSRP1|POLR2I|ERCC2|POLR2C|GTF2F1|POLR2J|POLR2F|CTDP1|ELL|SUPT4H1
Formation of HIV-1 elongation complex containing HIV-1 Tat;0.00191204588910134;0.0158875864990821;0.524502747878373;1.91506860339222;0;42;POLR2L|TCEB2|NELFE|POLR2E|SUPT5H|NELFB|POLR2G|GTF2H4|SSRP1|POLR2I|ERCC2|POLR2C|GTF2F1|POLR2J|POLR2F|CTDP1|ELL|SUPT4H1
Translation;0.00188323917137476;0.0158875864990821;0.471788435685938;1.90650067043672;0;67;SRPRB|SPCS1|SEC61B|EIF2B2|SSR4|EIF3B|EIF3I|DDOST|SEC61A1|SPCS2|EIF5B|SEC11C|EIF4A1|EIF2B4|EIF3C|SRP68|EIF4G1|EIF2B3|EIF3K|SEC61G|SRP72|APEH|TRMT112|SRP54|EIF3D|SRP14|SSR2|EIF4H|EIF2S2|UBA52|EIF3G
rRNA modification in the nucleus;0.00192678227360308;0.0158875864990821;0.503216223095309;1.89380323649953;0;49;RRP36|NHP2|DDX49|WBSCR22|NOP10|RRP9|IMP4|RRP7A|GAR1|TBL3|WDR46|NOP56|NOP14|TRMT112|UTP18|RCL1|DHX37|NOC4L|BMS1|NOL6|PDCD11|FCF1|DDX52|DCAF13|IMP3|WDR3|DKC1
Mismatch repair (MMR) directed by MSH2:MSH3 (MutSbeta);0.00192307692307692;0.0158875864990821;0.728867897418001;1.89183538728075;0;11;POLD2|POLD4|LIG1|PCNA|POLD1|MLH1|EXO1
Telomere C-strand (Lagging Strand) Synthesis;0.00381679389312977;0.0251720087262964;0.625113807606994;1.887164160351;1;19;RFC2|FEN1|POLD2|POLD4|LIG1|PCNA|POLD1|PRIM2|RFC4|POLE2|POLA2|RFC5|PRIM1
mRNA Capping;0.00396039603960396;0.0251720087262964;0.570443496986471;1.88299873647422;1;28;POLR2L|POLR2E|SUPT5H|POLR2G|GTF2H4|POLR2I|ERCC2|POLR2C|GTF2F1|POLR2J
HIV elongation arrest and recovery;0.00389105058365759;0.0251720087262964;0.547690437390321;1.8734247384853;1;32;POLR2L|TCEB2|NELFE|POLR2E|SUPT5H|NELFB|POLR2G|SSRP1|POLR2I|POLR2C|GTF2F1|POLR2J|CCNK|POLR2F|CTDP1|ELL|SUPT4H1
Pausing and recovery of HIV elongation;0.00389105058365759;0.0251720087262964;0.547690437390321;1.8734247384853;1;32;POLR2L|TCEB2|NELFE|POLR2E|SUPT5H|NELFB|POLR2G|SSRP1|POLR2I|POLR2C|GTF2F1|POLR2J|CCNK|POLR2F|CTDP1|ELL|SUPT4H1
Elongation arrest and recovery;0.00389105058365759;0.0251720087262964;0.547690437390321;1.8734247384853;1;32;POLR2L|TCEB2|NELFE|POLR2E|SUPT5H|NELFB|POLR2G|SSRP1|POLR2I|POLR2C|GTF2F1|POLR2J|CCNK|POLR2F|CTDP1|ELL|SUPT4H1
Nucleotide Excision Repair;0.00185528756957328;0.0158875864990821;0.429290127468487;1.86459064182722;0;101;POLR2L|CETN2|RFC2|POLR2E|TFPT|RUVBL1|COPS3|GPS1|COPS6|POLR2G|POLD2|RAD23A|GTF2H4|XRCC1|MCRS1|POLR2I|POLD4|PRPF19|RAD23B|ERCC2|POLR2C|PPIE|COPS4|LIG1|POLR2J|INO80C|ERCC1|PCNA|POLD1|CHD1L|XAB2|RBX1|UBE2I|COPS7B|PARP1|COPS7A|ACTL6A
Biosynthesis of the N-glycan precursor (dolichol lipid-linked oligosaccharide, LLO) and transfer to a nascent protein;0.00190839694656489;0.0158875864990821;0.448951701860253;1.86397432660452;0;77;ALG1|SLC35C1|ALG5|GMDS|ST6GALNAC4|RFT1|ALG3|GMPPA|CTSA|MVD|TSTA3|GMPPB|ALG14|MPI|DPM3|ST6GALNAC6|ST3GAL3|PMM2|PMM1|DPM2|ALG9|DHDDS|AMDHD2|NEU1|UAP1|NANS|CMAS|FUK|RENBP|ALG8|MPDU1|ALG2|ALG12|NPL|SRD5A3|GNPNAT1|ST6GALNAC2|NUDT14
Global Genome Nucleotide Excision Repair (GG-NER);0.00189753320683112;0.0158875864990821;0.447885952270735;1.84851246810162;0;75;CETN2|RFC2|TFPT|RUVBL1|COPS3|GPS1|COPS6|POLD2|RAD23A|GTF2H4|XRCC1|MCRS1|POLD4|RAD23B|ERCC2|COPS4|LIG1|INO80C|ERCC1|PCNA|POLD1|CHD1L|RBX1|UBE2I|COPS7B|PARP1|COPS7A|ACTL6A
DNA Damage Recognition in GG-NER;0.00383141762452107;0.0251720087262964;0.525641004932969;1.8477033169462;1;35;CETN2|TFPT|RUVBL1|COPS3|GPS1|COPS6|RAD23A|MCRS1|RAD23B|COPS4|INO80C|RBX1|COPS7B|PARP1|COPS7A|ACTL6A
Apoptosis;0.00187265917602996;0.0158875864990821;0.395402969969604;1.84097449051791;0;159;PSMD8|PSMD11|PSMB7|AKT2|PSMC4|PSMD2|PSMC3|PSMB2|PSMD4|YWHAH|PSMB6|PSMD1|PSMB1|PSMD7|PSMD3|PSMC2|PSMB5|BAX|LMNA|PSMC5|HIST1H1C|BCAP31|PSMB3|FADD|PSMD13|H1F0|PSMC1|DAPK3|BBC3|PSMD9|PSMA7|TRADD|MAGED1|PSMF1|TFDP1|PSMA3|YWHAE|BAD|TRAF2|GZMB
Golgi Cisternae Pericentriolar Stack Reorganization;0.00186915887850467;0.0158875864990821;0.657725775437224;1.83511268044767;0;14;RAB1B|CCNB2|CCNB1|MAPK3|PLK1|CDK1|GORASP2
Removal of the Flap Intermediate from the C-strand;0.00194931773879142;0.0158875864990821;0.811798743295953;1.83380983404987;0;7;FEN1|POLD2|POLD4|PCNA|POLD1
Condensation of Prometaphase Chromosomes;0.00384615384615385;0.0251720087262964;0.702303056817212;1.82288420190947;1;11;CCNB2|CCNB1|CSNK2B|NCAPD2|NCAPG|CDK1|NCAPH
Gap junction degradation;0.00392156862745098;0.0251720087262964;0.721612462211196;1.82284169567506;1;10;AP2M1|DNM2|CLTB|CLTA|DNM1|DAB2|CLTCL1
Polymerase switching on the C-strand of the telomere;0.00373831775700935;0.0251720087262964;0.652627000378997;1.82088665021815;1;14;RFC2|POLD2|POLD4|PCNA|POLD1|PRIM2|RFC4|POLA2|RFC5|PRIM1
Polymerase switching;0.00373831775700935;0.0251720087262964;0.652627000378997;1.82088665021815;1;14;RFC2|POLD2|POLD4|PCNA|POLD1|PRIM2|RFC4|POLA2|RFC5|PRIM1
Leading Strand Synthesis;0.00373831775700935;0.0251720087262964;0.652627000378997;1.82088665021815;1;14;RFC2|POLD2|POLD4|PCNA|POLD1|PRIM2|RFC4|POLA2|RFC5|PRIM1
Formation of HIV elongation complex in the absence of HIV Tat;0.00193423597678917;0.0158875864990821;0.495255544029949;1.81802021438444;0;43;POLR2L|TCEB2|NELFE|POLR2E|SUPT5H|NELFB|POLR2G|GTF2H4|SSRP1|POLR2I|ERCC2|POLR2C|GTF2F1|POLR2J|CCNK|POLR2F|CTDP1|ELL|SUPT4H1
RNA Polymerase II Transcription Elongation;0.00193423597678917;0.0158875864990821;0.495255544029949;1.81802021438444;0;43;POLR2L|TCEB2|NELFE|POLR2E|SUPT5H|NELFB|POLR2G|GTF2H4|SSRP1|POLR2I|ERCC2|POLR2C|GTF2F1|POLR2J|CCNK|POLR2F|CTDP1|ELL|SUPT4H1
Formation of RNA Pol II elongation complex;0.00193423597678917;0.0158875864990821;0.495255544029949;1.81802021438444;0;43;POLR2L|TCEB2|NELFE|POLR2E|SUPT5H|NELFB|POLR2G|GTF2H4|SSRP1|POLR2I|ERCC2|POLR2C|GTF2F1|POLR2J|CCNK|POLR2F|CTDP1|ELL|SUPT4H1
Purine metabolism;0.00380228136882129;0.0251720087262964;0.523233119334039;1.80963056992194;1;33;LHPP|PAICS|GPX1|IMPDH1|PNP|ATIC|ADA|APRT|DGUOK|GMPR|ADSL|ADK|IMPDH2
Polo-like kinase mediated events;0.00568181818181818;0.0345515970515971;0.629603077927779;1.80772950766655;2;16;MYBL2|FOXM1|PKMYT1|CCNB2|CCNB1|PLK1|CDC25A|CENPF
Programmed Cell Death;0.0019047619047619;0.0158875864990821;0.387373641537227;1.80763443469253;0;162;PSMD8|PSMD11|PSMB7|AKT2|PSMC4|PSMD2|PSMC3|PSMB2|PSMD4|YWHAH|PSMB6|PSMD1|PSMB1|PSMD7|PSMD3|PSMC2|PSMB5|BAX|LMNA|PSMC5|HIST1H1C|BCAP31|PSMB3|FADD|PSMD13|H1F0|PSMC1|DAPK3|BBC3|PSMD9|PSMA7|TRADD|MAGED1|PSMF1|TFDP1|PSMA3|YWHAE|BAD|TRAF2|GZMB
mRNA Splicing - Minor Pathway;0.00385356454720617;0.0251720087262964;0.480006107091446;1.80645431810164;1;49;POLR2L|SNRNP40|POLR2E|LSM2|POLR2G|TXNL4A|SNRNP25|SNRPG|SNRNP35|POLR2I|ZMAT5|SF3B2|POLR2C|SF3B4|SNRPB|GTF2F1|POLR2J|SNRPF|EFTUD2|PRPF6|SNRPD1
Processive synthesis on the lagging strand;0.00764818355640535;0.0419717390290538;0.668056227183905;1.79518031220489;3;12;FEN1|POLD2|POLD4|LIG1|PCNA|POLD1|PRIM2|POLA2|PRIM1
Prefoldin mediated transfer of substrate  to CCT/TriC;0.00588235294117647;0.0348297213622291;0.560688648228279;1.79268788000726;2;25;TUBA4A|TUBB4B|CCT7|TUBA1C|CCT3|CCT8|CCT5|PFDN2|PFDN6|TUBB6|TCP1|TUBB4A|TUBB1|CCT6A
ER to Golgi Anterograde Transport;0.00190839694656489;0.0158875864990821;0.398743952025403;1.78843980527652;0;127;RAB1B|SEC13|COPE|TMED9|ARF1|LMAN2|TRAPPC1|PREB|COPZ1|YKT6|TRAPPC2L|STX5|KDELR1|PPP6R1|TMEM115|TMED3|ARF4|DCTN3|ARF5|DCTN2|KDELR2|COPB2|DCTN1|ARFGAP1|TRAPPC3|BET1L|ARFGAP2|NAPA|SCFD1|COPG1
Metabolism of folate and pterines;0.00591715976331361;0.0348523808048577;0.73573253471646;1.78251429421944;2;9;SHMT2|ALDH1L1|DHFR|SLC19A1|SHMT1|FPGS
C-type lectin receptors (CLRs);0.00189035916824197;0.0158875864990821;0.400404378939649;1.77827737057821;0;118;PSMD8|PSMD11|PSMB7|PSMC4|PSMD2|PSMC3|PSMB2|PSMD4|PSMB6|PSMD1|PSMB1|PSMD7|PSMD3|PSMC2|PSMB5|PSMC5|UBE2M|PSMB3|PSMD13|PSMC1|UBE2V1|PSMD9|PSMA7|ICAM2|PRKACA|PSMF1|PYCARD|PRKACG|UBE2D2|PSMA3|HRAS
Transport to the Golgi and subsequent modification;0.00184842883548983;0.0158875864990821;0.381190917337385;1.77518331228767;0;158;RAB1B|SEC13|COPE|TMED9|ARF1|LMAN2|TRAPPC1|PREB|B4GALT3|COPZ1|YKT6|TRAPPC2L|B4GALT2|STX5|KDELR1|PPP6R1|MGAT4B|TMEM115|TMED3|ARF4|DCTN3|ARF5|DCTN2|KDELR2|COPB2|DCTN1|ARFGAP1|TRAPPC3|BET1L|MGAT1|ARFGAP2|CHST8|NAPA|SCFD1|COPG1
Beta-catenin independent WNT signaling;0.00187265917602996;0.0158875864990821;0.387411454645425;1.76861489404381;0;142;AP2M1|PSMD8|PSMD11|PSMB7|PSMC4|PSMD2|PSMC3|PSMB2|PSMD4|GNAT2|PSMB6|CLTB|PSMD1|PSMB1|PSMD7|PSMD3|PSMC2|PSMB5|PSMC5|PSMB3|PSMD13|GNG8|PSMC1|PSMD9|PSMA7|CLTA|RAC1|PSMF1|PARD6A|GNB3|PSMA3|AP2S1|PFN1|GNB2|PSME3|RAC2|ARRB2|WNT11|GNG5|AP2A2|PSMD14|AP2A1|AP2B1
Transcription-Coupled Nucleotide Excision Repair (TC-NER);0.00189035916824197;0.0158875864990821;0.434980513923454;1.7681268473574;0;70;POLR2L|RFC2|POLR2E|COPS3|GPS1|COPS6|POLR2G|POLD2|GTF2H4|XRCC1|POLR2I|POLD4|PRPF19|ERCC2|POLR2C|PPIE|COPS4|LIG1|POLR2J|ERCC1|PCNA|POLD1|XAB2|RBX1|COPS7B|COPS7A
mRNA Splicing - Major Pathway;0.0018348623853211;0.0158875864990821;0.390064397201775;1.76490867985595;0;133;POLR2L|EIF4A3|SNRNP40|SRSF9|POLR2E|LSM2|ALYREF|SUGP1|POLR2G|USP39|TXNL4A|GPKOW|HNRNPL|SF3A2|SNRPG|SF3A3|POLR2I|PRPF19|SNRPB2|HNRNPC|CLP1|PPIH|SF3B2|CD2BP2|POLR2C|SF3B4|SNRPB|GTF2F1|POLR2J|SNRPF|CPSF1|HNRNPM|EFTUD2|RNPS1|PRPF31|LSM4|CPSF3|FIP1L1|PRPF6|SNRPD1|SART1|HNRNPUL1|SNRPA|SRRT|POLR2F|CTNNBL1|PRPF4|CSTF1
Hormone-sensitive lipase (HSL)-mediated triacylglycerol hydrolysis;0.00380952380952381;0.0251720087262964;0.604426533880828;1.76436450538299;1;17;PPP1CA|FABP4|FABP6|PRKACA|CAV1|MGLL|PRKACG
mRNA Splicing;0.00188679245283019;0.0158875864990821;0.387948042821619;1.76046563377183;0;140;POLR2L|EIF4A3|SNRNP40|SRSF9|POLR2E|LSM2|ALYREF|SUGP1|POLR2G|USP39|TXNL4A|SNRNP25|GPKOW|HNRNPL|SF3A2|SNRPG|SNRNP35|SF3A3|POLR2I|ZMAT5|PRPF19|SNRPB2|HNRNPC|CLP1|PPIH|SF3B2|CD2BP2|POLR2C|SF3B4|SNRPB|GTF2F1|POLR2J|SNRPF|CPSF1|HNRNPM|EFTUD2|RNPS1|PRPF31|LSM4|CPSF3|FIP1L1|PRPF6|SNRPD1|SART1|HNRNPUL1|SNRPA|SRRT|POLR2F|CTNNBL1|PRPF4|CSTF1
HIV Life Cycle;0.0018796992481203;0.0158875864990821;0.386549441229735;1.75364429500721;0;139;HMGA1|RANBP1|POLR2L|TCEB2|NELFE|TAF6|POLR2E|CHMP2A|FEN1|CHMP4B|VPS37B|CHMP6|SUPT5H|FURIN|BANF1|NELFB|POLR2G|XRCC6|GTF2H4|GTF2A2|SSRP1|XRCC5|NEDD4L|RAE1|RCC1|POLR2I|VPS28|ERCC2|POLR2C|GTF2F1|TAF12|LIG1|TSG101|POLR2J|CHMP4A|RAN|GTF2B|AAAS|VPS4A|CCNK|PPIA|NMT1|POLR2F|CTDP1
Early Phase of HIV Life Cycle;0.00747663551401869;0.0418468405635375;0.627487922903217;1.75074641613672;3;14;HMGA1|FEN1|BANF1|XRCC6|XRCC5|LIG1|PPIA
TCR signaling;0.00186219739292365;0.0158875864990821;0.39631458455899;1.73912259182715;0;111;PSMD8|PSMD11|PSMB7|PSMC4|PSMD2|PSMC3|PSMB2|PSMD4|PSMB6|PSMD1|PSMB1|PSMD7|PSMD3|PSMC2|PSMB5|PSMC5|PSMB3|PSMD13|PSMC1|UBE2V1|PSMD9|PSMA7|PIK3R2|PSMF1|GRAP2|UBE2D2|PSMA3
Regulation of Insulin-like Growth Factor (IGF) transport and uptake by Insulin-like Growth Factor Binding Proteins (IGFBPs);0.00952380952380953;0.0493745885450955;0.593305013843179;1.73189998885301;4;17;IGF2|IGF1|IGFBP4|MMP1|MMP2|IGFALS|IGFBP3|CTSG
Signaling by FGFR2 IIIa TM;0.00763358778625954;0.0419717390290538;0.573622735248691;1.73171709591226;3;19;POLR2L|POLR2E|POLR2G|POLR2I|POLR2C|GTF2F1|POLR2J|POLR2F
Resolution of AP sites via the multiple-nucleotide patch replacement pathway;0.00763358778625954;0.0419717390290538;0.572806588470908;1.72925321984701;3;19;RFC2|FEN1|POLD2|POLD4|LIG1|PCNA|POLD1|PARP1|RFC4
Detoxification of Reactive Oxygen Species;0.00389105058365759;0.0251720087262964;0.504884928282504;1.72700461822877;1;32;PRDX2|P4HB|PRDX5|PRDX1|GPX1|TXNRD2|CYBA|PRDX6|TXN|CCS|TXN2|GPX3|GSTP1|ATOX1|SOD1|GSR
Activation of the pre-replicative complex;0.00785854616895874;0.0429168176702844;0.530291906935626;1.72359918126238;3;26;MCM6|MCM2|MCM5|MCM7|MCM3|CDT1|CDC45|CDC6|MCM4|ORC1|PRIM2|ORC5|MCM10
WNT5A-dependent internalization of FZD4;0.00936329588014981;0.0489939900705514;0.599011001819585;1.69822527972911;4;15;AP2M1|CLTB|CLTA|AP2S1|ARRB2|AP2A2|AP2A1|AP2B1
Synthesis of substrates in N-glycan biosythesis;0.00389863547758285;0.0251720087262964;0.430082148774284;1.69322529181919;1;62;SLC35C1|ALG5|GMDS|ST6GALNAC4|GMPPA|CTSA|MVD|TSTA3|GMPPB|MPI|DPM3|ST6GALNAC6|ST3GAL3|PMM2|PMM1|DPM2|DHDDS|AMDHD2|NEU1|UAP1|NANS|CMAS|FUK|RENBP|NPL|SRD5A3|GNPNAT1|ST6GALNAC2|NUDT14
Mitotic Prometaphase;0.00185185185185185;0.0158875864990821;0.384305536571032;1.66980641507758;0;100;SEC13|PMF1|BIRC5|SPC24|CDC20|ZWINT|CCNB2|NUDC|CCNB1|CSNK2B|BUB1|SKA1|SPC25|CENPO|PPP2R1A|PPP2R5D|KIF2C|NCAPD2|NCAPG|PPP2R5B|CDCA5|AURKB|PLK1|CDK1|CENPM|NUF2|CENPF|B9D2|MAD2L1
AURKA Activation by TPX2;0.00371057513914657;0.0251720087262964;0.401129121866115;1.64477175059434;1;72;TUBA4A|TUBB4B|CETN2|TPX2|TUBG1|SSNA1|NEK2|DCTN3|DCTN2|PRKACA|CEP250|PPP2R1A|TUBB|CEP131|DCTN1|YWHAE|PLK1|CDK1|ACTR1A|CSNK1E|HMMR|HAUS1
Centrosome maturation;0.00564971751412429;0.0345515970515971;0.390262018145516;1.6283842959635;2;79;TUBA4A|TUBB4B|TUBGCP2|CETN2|TUBG1|SSNA1|CCNB1|NEK2|DCTN3|DCTN2|PRKACA|CEP250|PPP2R1A|TUBB|CEP131|DCTN1|YWHAE|PLK1|CDK1|ACTR1A|CSNK1E|HAUS1
Recruitment of mitotic centrosome proteins and complexes;0.00564971751412429;0.0345515970515971;0.390262018145516;1.6283842959635;2;79;TUBA4A|TUBB4B|TUBGCP2|CETN2|TUBG1|SSNA1|CCNB1|NEK2|DCTN3|DCTN2|PRKACA|CEP250|PPP2R1A|TUBB|CEP131|DCTN1|YWHAE|PLK1|CDK1|ACTR1A|CSNK1E|HAUS1
Chaperonin-mediated protein folding;0.00568181818181818;0.0345515970515971;0.375691813254086;1.61086564129741;2;90;TUBA4A|TUBB4B|GNAT2|CCT7|TUBA1C|KIFC3|GNG8|CSNK2B|TUBA8|CCT3|GNB3|WRAP53|TUBA1B|CCT8|CCT5|FBXW4|PFDN2|GNAI2|FBXW5|PFDN6|SPHK1|GNB2|NOP56|GNG5|FKBP9|GBA|TUBB6|FBXW9|GNG7|TCP1|TUBB4A|RGS6|CCNE1|TP53|GAPDHS|SKIV2L|HDAC3
Late Phase of HIV Life Cycle;0.00379506641366224;0.0251720087262964;0.358204699307658;1.60683272724271;1;126;RANBP1|POLR2L|TCEB2|NELFE|TAF6|POLR2E|CHMP2A|CHMP4B|VPS37B|CHMP6|SUPT5H|FURIN|NELFB|POLR2G|GTF2H4|GTF2A2|SSRP1|NEDD4L|RAE1|RCC1|POLR2I|VPS28|ERCC2|POLR2C|GTF2F1|TAF12|TSG101|POLR2J|CHMP4A|RAN|GTF2B|AAAS|VPS4A|CCNK|PPIA|NMT1|POLR2F|CTDP1
Homology Directed Repair;0.00373134328358209;0.0251720087262964;0.365576478524119;1.59838514385101;1;110;HIST1H2BJ|H2AFX|RTEL1|RFC2|HIST1H2BK|FEN1|KAT5|XRCC3|PPP4C|SIRT6|BABAM1|POLD2|H2BFS|HIST1H2BO|XRCC1|POLD4|RAD51|HIST1H2BD|PIAS4|BRE|ERCC1|PCNA|POLD1|CCNA2|UBE2I|HIST1H2BH|PARP1|CHEK1|RNF8|TOP3A|RHNO1|RFC4|RAD51C|EXO1|RAD51D|HIST2H2BE|WHSC1|UBA52|POLE2|UBC|TIPIN|EME2|MDC1
Transcription of the HIV genome;0.00566037735849057;0.0345515970515971;0.395948295132506;1.59796159292209;2;66;POLR2L|TCEB2|NELFE|TAF6|POLR2E|SUPT5H|NELFB|POLR2G|GTF2H4|GTF2A2|SSRP1|POLR2I|ERCC2|POLR2C|GTF2F1|TAF12|POLR2J|GTF2B|CCNK|POLR2F|CTDP1
Gap-filling DNA repair synthesis and ligation in TC-NER;0.00581395348837209;0.0347909450766947;0.412695728662699;1.59721881429912;2;56;POLR2L|RFC2|POLR2E|POLR2G|POLD2|GTF2H4|XRCC1|POLR2I|POLD4|PRPF19|ERCC2|POLR2C|PPIE|LIG1|POLR2J|PCNA|POLD1|XAB2|RBX1
RNA Polymerase II Pre-transcription Events;0.00579150579150579;0.0347909450766947;0.402211291796636;1.59643518047405;2;63;POLR2L|TCEB2|NELFE|TAF6|POLR2E|SUPT5H|NELFB|POLR2G|GTF2H4|GTF2A2|SSRP1|POLR2I|ERCC2|POLR2C|GTF2F1|TAF12|POLR2J|GTF2B|CCNK|POLR2F|CTDP1
Resolution of Sister Chromatid Cohesion;0.00584795321637427;0.0348092453355611;0.372772405726637;1.59471778213888;2;92;SEC13|PMF1|BIRC5|SPC24|CDC20|ZWINT|CCNB2|NUDC|CCNB1|BUB1|SKA1|SPC25|CENPO|PPP2R1A|PPP2R5D|KIF2C|PPP2R5B|CDCA5|AURKB|PLK1|CDK1|CENPM|NUF2|CENPF|B9D2|MAD2L1
Platelet degranulation;0.00572519083969466;0.034628170401379;0.368120920561343;1.58808565234792;2;95;TUBA4A|FGA|CYB5R1|IGF2|TIMP1|ALDOA|IGF1|CLU|WDR1|PF4|SPARC|TGFB1|ORM1|CFL1|PFN1|ORM2|CD63|SERPINE1|GAS6|SELP|CAP1|CD9|ITGA2B|CALU|PPBP|PPIA|SOD1|VWF|QSOX1|VEGFB|TMSB4X|HABP4|RARRES2|PDGFB|FN1|SERPINA3|PDGFA|VEGFC|CALM1|ABCC4|HRG
Protein folding;0.00763358778625954;0.0419717390290538;0.360321106262951;1.55443699918427;3;95;TUBA4A|TUBB4B|GNAT2|CCT7|TUBA1C|KIFC3|GNG8|CSNK2B|TUBA8|CCT3|GNB3|WRAP53|TUBA1B|CCT8|CCT5|FBXW4|PFDN2|GNAI2|FBXW5|PFDN6|SPHK1|GNB2|NOP56|GNG5|ARL2|FKBP9|GBA|TUBB6|FBXW9|GNG7|TCP1|TUBB4A|RGS6|CCNE1|TP53|GAPDHS|SKIV2L|HDAC3
Loss of Nlp from mitotic centrosomes;0.00934579439252336;0.0489939900705514;0.380786754992367;1.55004213332518;4;69;TUBA4A|TUBB4B|CETN2|TUBG1|SSNA1|NEK2|DCTN3|DCTN2|PRKACA|CEP250|PPP2R1A|TUBB|CEP131|DCTN1|YWHAE|PLK1|CDK1|ACTR1A|CSNK1E|HAUS1
Loss of proteins required for interphase microtubule organizationfrom the centrosome;0.00934579439252336;0.0489939900705514;0.380786754992367;1.55004213332518;4;69;TUBA4A|TUBB4B|CETN2|TUBG1|SSNA1|NEK2|DCTN3|DCTN2|PRKACA|CEP250|PPP2R1A|TUBB|CEP131|DCTN1|YWHAE|PLK1|CDK1|ACTR1A|CSNK1E|HAUS1
Senescence-Associated Secretory Phenotype (SASP);0.00945179584120983;0.0492281033396345;0.375979109508813;1.52829548977232;4;70;HIST1H2BJ|H2AFX|CDK4|HIST1H2BK|JUN|ANAPC11|ANAPC15|FZR1|H2BFS|HIST1H2BO|MAPK3|HIST1H2BD|ANAPC2|ANAPC7|H2AFZ|RELA|CCNA2|HIST1H2BH|UBE2C|CDKN2C|CDKN1A
HDR through Homologous Recombination (HR) or Single Strand Annealing (SSA);0.00742115027829314;0.0417439703153989;0.351662632542422;1.52729768399479;3;104;HIST1H2BJ|H2AFX|RTEL1|RFC2|HIST1H2BK|KAT5|XRCC3|PPP4C|SIRT6|BABAM1|POLD2|H2BFS|HIST1H2BO|POLD4|RAD51|HIST1H2BD|PIAS4|BRE|ERCC1|PCNA|POLD1|CCNA2|UBE2I|HIST1H2BH|CHEK1|RNF8|TOP3A|RHNO1|RFC4|RAD51C|EXO1|RAD51D|HIST2H2BE|WHSC1|UBA52|POLE2|UBC|TIPIN|EME2|MDC1
MHC class II antigen presentation;0.00925925925925926;0.0489939900705514;0.344671017700029;1.497594548291;4;100;AP2M1|SEC13|ARF1|DNM2|CTSD|DCTN3|CLTA|DCTN2|KIF2C|CTSA|KLC3|DCTN1|DNM1|KIF4A|AP2S1|KIF11|ACTR1A|AP1S1|HLA-DRB5|CTSB|KIF20A|KLC2|KLC4|DYNLL2|RILP|AP2A2|AP2A1|AP2B1|AP1M2|KIF15
Response to elevated platelet cytosolic Ca2+;0.00925925925925926;0.0489939900705514;0.342475968200259;1.48805706473343;4;100;TUBA4A|FGA|CYB5R1|IGF2|TIMP1|ALDOA|IGF1|CLU|WDR1|PF4|SPARC|TGFB1|ORM1|CFL1|PFN1|ORM2|CD63|SERPINE1|GAS6|SELP|CAP1|CD9|ITGA2B|CALU|PPBP|PPIA|SOD1|VWF|QSOX1|VEGFB|TMSB4X|HABP4|RARRES2|PDGFB|FN1|SERPINA3|PDGFA|VEGFC|CALM1|ABCC4|HRG
RHO GTPases Activate Formins;0.00929368029739777;0.0489939900705514;0.336526302758082;1.46650399291824;4;107;SEC13|PMF1|BIRC5|SPC24|CDC20|ZWINT|NUDC|BUB1|SKA1|SPC25|RAC1|CENPO|PPP2R1A|PPP2R5D|KIF2C|RHOC|PPP2R5B|AURKB|PLK1|PFN1|CENPM|SRF|NUF2|CENPF|B9D2|MAD2L1|RHOD
DNA Double-Strand Break Repair;0.00742115027829314;0.0417439703153989;0.322581438023828;1.46540098277106;3;137;HIST1H2BJ|H2AFX|RTEL1|RFC2|HIST1H2BK|FEN1|KAT5|XRCC3|PPP4C|SIRT6|BABAM1|POLD2|H2BFS|XRCC6|XRCC5|HIST1H2BO|XRCC1|POLD4|RAD51|HIST1H2BD|POLL|PIAS4|BRE|ERCC1|PCNA|POLD1|CCNA2|UBE2I|HIST1H2BH|PARP1|CHEK1|RNF8|TOP3A|RHNO1|TDP1|RFC4|RAD51C|EXO1|RAD51D|HIST2H2BE|WHSC1|KPNA2|UBA52|TP53|POLE2|UBC|EYA2|TIPIN|EME2|MDC1
NS1 Mediated Effects on Host Pathways;0.00816326530612245;0.0440308803240673;-0.448997313846248;-1.63441412206317;3;38;KPNB1|KPNA4|NUP50|TPR|EIF2AK2|KPNA5|RANBP2|NUP205|NUP160|NUP153|NUP98
Mitochondrial biogenesis;0.00816326530612245;0.0440308803240673;-0.439233590361192;-1.66304181077244;3;47;CREB1|NCOA2|PRKAG2|NCOA1|CREBBP|NCOR1|TBL1XR1|PRKAB2|MED1|HELZ2|MEF2C|PRKAA2|PPARGC1B|NCOA6|CHD9|ATF2|PRKAG3|TGS1
Signaling by FGFR1 in disease;0.0081799591002045;0.0440308803240673;-0.475362277617638;-1.71447220430336;3;37;CNTRL|SOS1|LRRFIP1|PIK3R1|PIK3CA|GAB1|FGFR1OP|ZMYM2|STAT1|FRS2|KRAS|FGF5|CPSF6|STAT5A
MyD88 deficiency (TLR2/4);0.00622406639004149;0.0355435263390694;-0.649921187448518;-1.72561167952825;2;11;IRAK4|TLR1|TLR4|TLR6|CD36
IRAK4 deficiency (TLR2/4);0.00622406639004149;0.0355435263390694;-0.649921187448518;-1.72561167952825;2;11;IRAK4|TLR1|TLR4|TLR6|CD36
NOTCH2 intracellular domain regulates transcription;0.00622406639004149;0.0355435263390694;-0.654508655775342;-1.73779190857311;2;11;CREB1|NOTCH2|EP300|MAML2|MAML1
Signaling by TGF-beta Receptor Complex;0.00211864406779661;0.0159535998411731;-0.424890887286939;-1.7537696693597;0;71;TRIM33|USP15|CBL|TGFBR1|USP9X|JUNB|SKIL|SMAD4|SP1|CCNT2|SMAD3|SMAD2|UBE2D1|RNF111|TGFBR2|UBE2D3|NCOR1|CCNT1|PPP1CB|XPO1|SMURF2|F11R
Antigen activates B Cell Receptor (BCR) leading to generation of second messengers;0.00614754098360656;0.0355435263390694;-0.509310980987829;-1.77289159952071;2;32;ITPR2|CBL|DAPP1|SOS1|PIK3AP1|LYN|PIK3R1
Interferon alpha/beta signaling;0.00205338809034908;0.0158875864990821;-0.463348103825132;-1.80368045969622;0;54;GBP2|RNASEL|IFIT2|HLA-F|IRF1|SAMHD1|HLA-E|STAT1|IRF2|STAT2|PTPN11|IFIT1|IP6K2|IFIT3|IFITM1|MX2|JAK1|ADAR|IRF9|ISG20|IRF5|IRF7|ISG15|RSAD2|XAF1|IRF8|OAS3
YAP1- and WWTR1 (TAZ)-stimulated gene expression;0.00402414486921529;0.0254334998756584;-0.530399835910111;-1.80369376611543;1;28;NCOA2|HIPK1|NCOA1|CREBBP|HIPK2|TBL1XR1|MED1|HELZ2|NCOA6|CHD9|GATA4|TGS1|CTGF
Regulation of IFNG signaling;0.00638297872340426;0.0362669245647969;-0.655300182676038;-1.80577550868367;2;13;PIAS1|STAT1|PTPN11|JAK2|JAK1|PTPN2|IFNG
Signaling by FGFR3 fusions in cancer;0.00606060606060606;0.0353273669335846;-0.740146452478118;-1.84014693735636;2;9;SOS1|PIK3R1|PIK3CA|GAB1|FRS2|KRAS
ISG15 antiviral mechanism;0.00214132762312634;0.0159535998411731;-0.452974745239473;-1.85170625575355;0;69;KPNB1|KPNA4|ARIH1|DDX58|PPM1B|EIF4A2|EIF4E3|EIF4G3|NUP50|TPR|EIF2AK2|KPNA5|RANBP2|STAT1|NUP205|IFIT1|NUP160|NUP153|UBA7|NUP98|MX2|NEDD4|JAK1
Antiviral mechanism by IFN-stimulated genes;0.00214132762312634;0.0159535998411731;-0.452974745239473;-1.85170625575355;0;69;KPNB1|KPNA4|ARIH1|DDX58|PPM1B|EIF4A2|EIF4E3|EIF4G3|NUP50|TPR|EIF2AK2|KPNA5|RANBP2|STAT1|NUP205|IFIT1|NUP160|NUP153|UBA7|NUP98|MX2|NEDD4|JAK1
Circadian Clock;0.00203252032520325;0.0158875864990821;-0.468528250985171;-1.87332662140497;0;61;CREB1|NCOA2|NR3C1|EP300|FBXL3|NCOA1|CLOCK|CREBBP|NCOR1|TBL1XR1|PPP1CB|MED1|HELZ2|MEF2C|NCOA6|CHD9|RORA|ATF2|NAMPT|RAI1|SIRT1|NPAS2|TGS1|SIK1
BMAL1:CLOCK,NPAS2 activates circadian gene expression;0.00410677618069815;0.0258107441524325;-0.51229964416359;-1.8852886934156;1;41;CREB1|NCOA2|NR3C1|EP300|NCOA1|CLOCK|CREBBP|NCOR1|TBL1XR1|MED1|HELZ2|NCOA6|CHD9|RORA|NAMPT|NPAS2|TGS1|SIK1
Pre-NOTCH Transcription and Translation;0.00201612903225806;0.0158875864990821;-0.568768051271913;-1.94237824452469;0;29;TNRC6B|NOTCH2|AGO3|EP300|CREBBP|AGO4|TNRC6C|MAML2|TNRC6A|AGO1|MAML1|AGO2|E2F3|MOV10|NOTCH1
Interferon gamma signaling;0.00212765957446809;0.0159535998411731;-0.457136196019106;-1.94439889082304;0;88;GBP4|GBP5|GBP2|GBP6|HLA-F|CD44|IRF1|PIAS1|GBP3|TRIM38|TRIM22|HLA-E|CAMK2D|TRIM5|SP100|GBP1|STAT1|IRF2|PTPN11|JAK2|B2M|JAK1|IRF9|PTPN2|TRIM21|CIITA|MID1|IFI30|HLA-DPA1|HLA-DRA|CAMK2B|IRF5|IRF7|FCGR1A|IFNG|IRF8|TRIM6|PML|OAS3|TRIM25|FCGR1B
TRAF6 mediated IRF7 activation;0.00415800415800416;0.025987525987526;-0.626123458641724;-1.96169937539686;1;21;DDX58|EP300|IRF1|SIKE1|DHX36|CREBBP|TANK|TRAF6|IRF2|IFIH1
HDMs demethylate histones;0.00603621730382294;0.0353273669335846;-0.599994727560839;-1.96675514795237;2;24;KDM5A|KDM7A|KDM2A|KDM1B|KDM3B|KDM4C|KDM3A|ARID5B|HIST2H3A|PHF2|KDM2B|PHF8
RIG-I/MDA5 mediated induction of IFN-alpha/beta pathways;0.00208768267223382;0.0159535998411731;-0.491075116999743;-1.96844145328861;0;64;ATG12|CYLD|NLRC5|MAP3K1|DDX58|EP300|IRF1|RIPK1|SIKE1|UBE2D1|DHX36|CREBBP|UBE2D3|CASP8|TANK|TRAF6|IRF2|IFIH1|ITCH|UBA7|TNFAIP3|IKBKB|CASP10|NFKB1|TAX1BP1|TBK1|DHX58|HERC5|IRF7|ISG15|RNF125|TRIM25|ATG5|HMGB1|UBE2L6
Transcriptional activity of SMAD2/SMAD3:SMAD4 heterotrimer;0.00206185567010309;0.0158875864990821;-0.534007044247126;-1.9766823123886;0;43;TRIM33|USP9X|JUNB|SKIL|SMAD4|SP1|CCNT2|SMAD3|SMAD2|UBE2D1|RNF111|UBE2D3|NCOR1|CCNT1|SMURF2
RORA activates gene expression;0.00204081632653061;0.0158875864990821;-0.592282767297451;-1.99351021582206;0;27;NCOA2|EP300|NCOA1|CLOCK|CREBBP|NCOR1|TBL1XR1|MED1|HELZ2|NCOA6|CHD9|RORA|SIRT1|NPAS2|TGS1
Downregulation of SMAD2/3:SMAD4 transcriptional activity;0.00206185567010309;0.0158875864990821;-0.671028266431792;-2.14189077981043;0;22;TRIM33|USP9X|SKIL|SMAD4|SMAD3|SMAD2|UBE2D1|RNF111|UBE2D3|NCOR1|SMURF2
IRIS_PlasmaCell-FromPBMC;0.00195694716242661;0.00946236559139785;0.584360916294552;2.51575256746333;0;105;MYO1D|ITM2C|PDLIM1|CPNE5|POU2AF1|PPIB|PREB|CLPTM1L|DERL3|NT5DC2|GPRC5D|ST6GALNAC4|TXNDC11|IGF1|CCNB2|SDC1|MANF|SIL1|BUB1|KDELR2|CAV1|PDIA5|MAGED1|PRDX4|PBK|C2orf88|B9D1|ANKRD16|GLDC|PDIA6|RRM2|HRAS|PDIA4|PNOC|HIST1H2BG|HSP90B1|CCR10|TXNDC15|TSHR|TRAM2|CAD|C11orf80|ALG9|CNKSR1|SLC16A14|BMP8B|CD38|FAM69A|UBE2G1|UAP1|ZNF341|WFS1|PKHD1L1|ERLEC1|RHOB|TPD52|CADM1
IRIS_CD4Tcell-Th1-restimulated48hour;0.00192678227360308;0.00946236559139785;0.628761765110328;2.18767992700062;0;36;BIRC5|FOXM1|CCNB2|CEP55|NEK2|BUB1|COL6A3|SPC25|PBK|AURKB|RRM2|ANLN|HMMR|CENPF|MKI67|DEPDC1B|KIF20A
IRIS_MemoryTcell-RO-activated;0.00195694716242661;0.00946236559139785;0.59193575401454;2.1848516905914;0;44;BIRC5|FOXM1|CCNB2|CEP55|NEK2|BUB1|COL6A3|SPC25|PBK|CCR4|LTA|AURKB|RRM2|ANLN|HMMR|MKI67|DEPDC1B|KIF20A|TNIP3
IRIS_PlasmaCell-FromBoneMarrow;0.0019047619047619;0.00946236559139785;0.493318908417877;2.16963216268374;0;125;MYO1D|ITM2C|PDLIM1|CPNE5|POU2AF1|PPIB|PREB|CLPTM1L|DERL3|NT5DC2|GPRC5D|ST6GALNAC4|TXNDC11|IGF1|SDC1|MANF|SIL1|KDELR2|CAV1|PDIA5|MAGED1|CHPF|PRDX4|ABHD14A|C2orf88|KCNN3|B9D1|ANKRD16|PDIA6|PDIA4|PNOC|HIST1H2BG|HSP90B1|TXNDC15|GAS6|TRAM2|CAD|C11orf80|ALG9|CNKSR1|MED25|BMP8B|CD38|UBE2G1|RRAD|UAP1|SPAG4|WFS1|SLC22A17|ERLEC1|RHOB|TPD52|CADM1
IRIS_CD4Tcell-Th2-restimulated48hour;0.00587084148727984;0.0143509458577952;0.52149160223883;1.92484032439902;2;44;BIRC5|FOXM1|CCNB2|CEP55|NEK2|BUB1|SPC25|PBK|AURKB|RRM2|ANLN|HMMR|CENPF|MKI67|DEPDC1B|KIF20A|ARG2
IRIS_CD4Tcell-Th1-restimulated12hour;0.0056390977443609;0.0143509458577952;0.530512604823572;1.76284410346661;2;28;CCNB2|CEP55|ZBTB32|BUB1|COL6A3|PBK|LTA|RRM2|TNIP3|FAM83D|CTLA4|UBASH3A|IL10|JAKMIP1
IRIS_DendriticCell-Control;0.0176211453744493;0.0387665198237886;-0.282864207461778;-1.35359295658577;7;193;DMXL2|MS4A7|CLEC7A|FGL2|LPCAT2|SLC8A1|KCNE3|WDFY3|FGD4|MRAS|CCDC88A|MCTP1|GPR137B|TLR8|SOBP|DOCK4|CSF1R|MS4A6A|IGSF6|KCTD12|RAPH1|CLEC1A|MAFB|GAS2|PTPRO|NFXL1|B3GNT5|TRIM36|DIRC2|TLR4|TNFAIP2|MARCH1|TIFAB|CREB5|SLC31A2|CD36|TFEC|ENPP2|RASAL2|CD209|C1QA|TNFRSF21|CPM|CD1B|SPRED1|MEX3B|DNASE1L3|FCER1A|NRP1|PDGFC|RIN2|TGFBI|DUSP3|SLC7A11|RGS18|ALOX15|HHEX|SEMA3C|EPB41L3|CLDN23|SLAMF8|LRP12|PLEKHA5|FCER2|FPR3|CTTNBP2NL|ST3GAL6
IRIS_Neutrophil-Resting;0.00464037122969838;0.0143509458577952;-0.278931402460324;-1.39106883387197;1;281;DMXL2|TRANK1|FRY|CLEC7A|LRRK2|IFIT2|TMEM154|FGL2|CASP5|BEST1|MSL1|KBTBD7|LPCAT2|FFAR2|P2RY13|P2RY14|SLC8A1|KCNE3|WDFY3|FGD4|ASPRV1|FCGR3B|PPP4R1|MCTP1|EGLN1|MEF2C|PDK3|TNFAIP6|TLR8|PTGS2|RNF149|GCA|RNF24|MS4A6A|IGSF6|IFIT1|SCARF1|KCTD12|CSF3R|NTNG2|SOD2|FCN1|SECTM1|SLC4A4|KCNJ15|STEAP4|NAMPT|PRICKLE1|MPZL3|RNF2|B3GNT5|TLR1|DIRC2|TLR4|TNFAIP2|TLR6|CREB5|CR1|SLC31A2|ABCA1|TSPAN2|SULT1B1|ZNF552|RALB|MAK|LIMK2|MBOAT2|APOBEC3A|IL5RA|MGAM|PPP1R3B|CX3CR1|MEGF9|EPHB1|SLCO4C1|NRBF2|CASS4|CXCR1|CXCR2|RGS18|HHEX|CEACAM3|FPR2|FAR2|TLR2|AQP9|NDEL1
IRIS_Bcell-naive;0.024896265560166;0.049792531120332;-0.361500906533393;-1.48768222728672;11;70;P2RY14|TCF4|PCDH9|MEF2C|FCRL1|SOBP|FCRL2|TLR10|SLC4A4|AFF3|PRICKLE1|TCL1A|SLC15A2|ADAR|RALGPS2|CR2|MARCH1|CR1|MS4A1|PLEKHG1|BCL11A|DSP|SCN3A|PIK3C2B|PAX5|HHEX|PAWR|CNTNAP2|FCER2
IRIS_DendriticCell-LPSstimulated;0.00450450450450451;0.0143509458577952;-0.307873425547223;-1.5067355511794;1;238;DMXL2|MS4A7|CLEC7A|CBL|IFIT2|CD274|N4BP2L1|NUB1|SYNPO2|CD86|MRAS|TDRD7|CCDC88A|RIPK2|NAA25|MCTP1|ETV3|PDCD1LG2|LAMP3|GPR137B|TNFAIP6|TLR8|CXCL10|DOCK4|NID1|IGSF3|IFIH1|IGSF6|IFIT1|IL15|IFIT3|RAPH1|LY75|SOD2|BIRC3|SRGAP2|SECTM1|ATF3|GAS2|PTPRO|MARCKS|B3GNT5|IDO1|DIRC2|TNFAIP2|TIFAB|CREB5|SLC31A2|ZG16B|HES4|TFEC|ENPP2|RASAL2|FSD1L|PLEKHG1|C1QA|HERC6|ARNT|MBOAT2|DHX58|APOBEC3A|CD1B|ZNF618|HERC5|ARNTL|PDGFC|ISG15|RIN2|RSAD2|TGFBI|DYNLT1|L3MBTL4|HESX1|DUSP3|SLC7A11|DNAJB4|SEMA3C|EPB41L3|CLDN23|LRP12|PLEKHA5|TRAFD1|AQP9|FPR3|CTTNBP2NL|ST3GAL6|IL4I1|TMEM176A|TMEM140|C1QB|EHHADH|PLAUR|NTN1|HNMT|TNFSF4|ABCA6|GPR15|EMILIN2|CD80|RAB23|IFI6|IL1RN
IRIS_Monocyte-Day0;0.0021505376344086;0.00946236559139785;-0.360096626630289;-1.69747011353427;0;172;DMXL2|MS4A7|CDKN1C|CLEC7A|LRRK2|FGL2|LPCAT2|P2RY13|SLC8A1|ZNF703|SASH1|KCNE3|IRAK3|VCAN|WDFY3|FGD4|CCDC88A|MCTP1|MEF2C|TLR8|CSF1R|NID1|MS4A6A|IGSF6|IL15|KCTD12|MPEG1|CD1D|CSF3R|FCN1|SECTM1|LGALS2|KLF4|ALDH1A1|MAFB|SLC24A4|GAS2|B3GNT5|DIRC2|TLR4|TNFAIP2|MARCH1|CREB5|CR1|SLC31A2|CD36|TFEC|CACNA2D3|APOBEC3A|S1PR3|CD163|CX3CR1|MEGF9|PDGFC|RIN2|NRG1|TGFBI|DUSP3|SMPDL3A|RGS18|HHEX|SEMA3C|EPB41L3|TLR2|AQP9|ST3GAL6|SERPINA1|PAK1|NLRP1|PLAUR|FBN2|HNMT|CCR2|RTN1|PID1|EMILIN2|TMTC2|IL1RN